gene,pathway,bs_covsmono_l2fc,bs_covsmono_padj,bs_mtvswt_l2fc,bs_mtvswt_padj,mt_covsmono_l2fc,mt_covsmono_padj,bs_co_mtvswt_l2fc,bs_co_mtvswt_padj
gltP,ABC Transporter,1.09604300435705,1.2286730940825176e-4,-0.5146195932202853,0.09631706724664732,-1.3820144033722013,2.4810366731072505e-6,-2.992677000949536,2.459559094418653e-28
glnT,ABC Transporter,1.0664367826641334,0.1308417060557272,-0.11734206798759164,0.8986477210414273,-0.09777464733799048,0.9251542572919312,-1.2815534979897156,0.05677823926111922
mntH,ABC Transporter,-0.6336826282283347,0.15142793121543033,-3.678080101781082,2.0313685958034544e-23,-1.3355181488082095,9.585265107542606e-4,-4.379915622360957,1.3768999055501209e-33
citM,ABC Transporter,-1.3632229112246146,5.590738160216555e-5,-1.0406151320891046,0.002497062442495976,-0.5992208306262338,0.14571138871707295,-0.27661305149072396,0.47819336878139246
gltT,ABC Transporter,-0.7612007449358229,0.0032145848312984822,-0.15420323154253446,0.6161109051284483,-1.0327603303667772,4.238492394902735e-5,-0.4257628169734887,0.09130397859795233
dppA,ABC Transporter,0.04515703630190967,0.8958455051753005,-0.6084746699165805,0.009991756672536871,-0.507923632341387,0.04865758340541478,-1.1615553385598771,1.5538397489938633e-7
dppB,ABC Transporter,-0.2537513343902403,0.6045226853769042,-1.7435687991298392,7.460458456427317e-6,0.23803126025168259,0.6618742422667339,-1.2517862044879162,0.0011374782237877918
dppC,ABC Transporter,0.75063614687813085,0.08824703527473843,-1.6206915402414424,2.10159263466473e-4,-0.35481708714641885,0.574514175087583,-2.726144774265992,2.854975587508434e-10
dppD,ABC Transporter,1.097441255079032,0.02530752214697598,-2.3732539253860017,6.928867169728099e-6,0.7410294948359691,0.2781905986821014,-2.7296656856290644,1.5458885885886722e-8
dppE,ABC Transporter,0.9803171466125272,0.0034682391868771567,-1.0094335421079428,0.002625443313282385,-0.2650805033813468,0.5291116683236684,-2.254831192101817,2.5140577333069456e-13
ykfD,ABC Transporter,0.8667526973757159,0.06564168213947719,-0.29356543605902646,0.581529603601166,-0.8727504635268843,0.09246381554104006,-2.0330685969616265,3.052576825507167e-6
glnA,ABC Transporter,-0.1382767653835258,0.8339267369523176,-0.8133350203629657,0.09129360759495213,-0.4542692691898983,0.4050660659474988,-1.1293275241693381,0.009849684707885258
gltA,ABC Transporter,-1.364228293748056,2.4905414204541596e-6,1.3389398127311314,4.024447537737342e-6,-3.161131345011704,5.713633831735239e-30,-0.4579632385325166,0.1256023151621813
gudB,ABC Transporter,-0.03239228911930429,0.9261168091443185,0.8174599111402444,2.1532170444683505e-4,0.7903293457013237,4.268461444544581e-4,1.6401815459608724,1.3098061433155423e-15
mntR,ABC Transporter,-0.6984676814093531,0.15478180176053277,1.019906490948472,0.024729559724958838,-0.044451399248830493,0.9431961503646107,1.6739227731089945,5.130534227684379e-5
glnQ,ABC Transporter,2.70848435641402,1.2101595037923905e-17,-2.3010883892623157,2.0544253992008597e-9,-0.44742964581871864,0.45224877145357534,-5.457002391495053,1.2480259808617799e-42
glnH,ABC Transporter,3.2591539494473203,5.540713489491063e-16,-5.560816762217688,1.6472317145023095e-10,1.81341351031641,0.11092232147663367,-7.006557201348599,7.329021876655622e-33
glnM,ABC Transporter,2.5017771069778765,4.5186737786504806e-5,-0.7266524975431402,0.37775458492208197,-1.1161565335662809,0.31552159564182364,-4.344586138087298,8.380928616714333e-8
glnP,ABC Transporter,3.121991704184947,7.61581000893757e-7,-1.6208115021453895,0.11412080331912697,0.022971280359891585,0.9923638789647024,-4.719831925970444,2.548137495714057e-7
mntD,ABC Transporter,0.7354621252155971,0.0901030803306431,-2.68539853937187,3.245385419833728e-12,-3.8572606381759336,5.166463505328847e-13,-7.2781213027634,5.474526447266301e-47
mntC,ABC Transporter,0.3198446874057353,0.6277983341245733,-3.4951313619720303,3.09751337946374e-12,-2.558319424481936,9.801382369175688e-5,-6.3732954738597005,2.26141080234753e-27
mntB,ABC Transporter,0.17065174776693742,0.842017272410007,-3.662462831747671,1.7147654306807795e-9,-2.4612197286190955,0.014336991759524345,-6.2943343081337035,1.56880812939541e-13
mntA,ABC Transporter,-0.14329997024161076,0.7347388572189091,-3.14119565016019,9.216753466585745e-25,-1.8753004942495282,4.437766455635356e-6,-4.873196174168108,7.913775298233543e-41
opuBD,ABC Transporter,0.2734426799060752,0.6631975931561458,-0.38717136758648535,0.48504417379182707,0.5909013928271224,0.29262595932006585,-0.06971265466543815,0.8996207951314286
opuBC,ABC Transporter,-0.1619586592310043,0.8203371611824376,-1.5995511947739514,0.0011778948063914361,1.061372657692283,0.04378489437508971,-0.3762198778506641,0.46526136311341626
opuBB,ABC Transporter,0.1375854207148333,0.8438210205489867,-1.4310565373359718,0.0029311853773144607,0.5405491857124126,0.34029025050555073,-1.0280927723383924,0.02652998928393717
opuCD,ABC Transporter,-0.1885964068274411,0.6438735762180332,-0.6540132659842075,0.047269002917680256,-1.222554271973551,1.2638476894252145e-4,-1.6879711311303172,1.2599395928257995e-8
opuCC,ABC Transporter,-0.41517058698294024,0.3272013003044039,-2.067605224745675,6.501349399066075e-9,-0.3179368773762682,0.5184711187371117,-1.9703715151390027,3.504043701740769e-8
opuCB,ABC Transporter,-0.24935342487096945,0.608881839980238,-2.0540546511943187,5.14702918956315e-7,-0.49357351744036704,0.4216210920717821,-2.2982747437637165,1.7535726482784376e-7
opuCA,ABC Transporter,-0.6447472677184193,0.06630330666438596,-1.557168432156808,9.542158832662858e-7,-0.09684008984392865,0.8366638667418046,-1.0092612542823174,0.001422276925255503
rocG,ABC Transporter,0.7356798301108998,0.1089305867605203,-0.25311747513817096,0.6385503087866565,-1.51448376669468,0.01058836506228081,-2.5032810719437504,1.0622936456384478e-6
gltB,ABC Transporter,NA,NA,NA,NA,NA,NA,NA,NA
glsA,ABC Transporter,NA,NA,NA,NA,NA,NA,NA,NA
opuBa,ABC Transporter,NA,NA,NA,NA,NA,NA,NA,NA
abrB,Biofilm,0.005640115117617058,0.9930528883769799,1.0534612455018797,0.012643482862471774,1.309561095461587,0.001777938061047922,2.3573822258458494,6.516949892512313e-10
spo0A,Biofilm,0.28719594837459755,0.1256763864319555,-0.1763628966906715,0.3554400603130731,-0.09473243522867444,0.6672684335419317,-0.5582912802939435,5.175747876155165e-4
sinI,Biofilm,1.3725759273260982,0.0029173225746553276,2.1210717197066784,1.3991756373097825e-6,-1.5677300705684383,6.210559051819235e-4,-0.8192342781878584,0.06709920994572752
sinR,Biofilm,-0.22409060286351581,0.5222778322151561,0.6456911872780937,0.027050126094852255,-0.2927888910215756,0.38727739121607835,0.5769928991200339,0.03625995197957204
tasA,Biofilm,-0.6587289482669684,0.1894809495629162,-2.980045947207228,1.0066424803241913e-11,-2.003580274918804,3.332020474666173e-4,-4.324897273859063,3.242236213327112e-18
sipW,Biofilm,-0.9169175717689969,0.05792059513118076,-1.7767030208605836,1.9641544163208937e-4,-1.7680858078812172,0.015281331761713516,-2.6278712569728038,3.4563795722698955e-5
tapA,Biofilm,-1.7965259169633325,8.679737886527521e-5,-2.0595761174722838,7.005376247040285e-6,-1.7153356509872806,0.002826736632670613,-1.9783858514962318,1.6711325365462038e-4
epsO,Biofilm,-0.9047826948174532,0.01589813639666828,-0.18830065047077443,0.6634444921298701,0.2244199832693481,0.624307260995182,0.9409020276160268,0.008033322712882016
epsN,Biofilm,-0.2775064189872493,0.6643337833470299,-0.48403858809410644,0.3890314126924693,0.12031269444225565,0.868228560241765,-0.08621947466460149,0.8825768263290584
epsM,Biofilm,-0.3136391782872086,0.6393232871654208,-1.7363074818331228,0.003761486895936043,0.45267532393968846,0.5922396093687785,-0.9699929796062259,0.10385622822902811
epsL,Biofilm,-0.6022343948004191,0.6493395788890062,-3.61923320787994,0.017647564897977665,1.7622973037627412,0.3609611309079564,-1.2547015093167795,0.3117367310342188
epsK,Biofilm,-0.439860279415043,0.578946680620735,-2.49850403394974,4.152772282572005e-4,1.3188403488786216,0.1113661235808089,-0.7398034056560755,0.2784780628939989
epsJ,Biofilm,-0.686190852373892,0.268007332642816,-1.6492575171432715,0.007796588668892317,-0.01641766335746716,0.9904935526841184,-0.9794843281268466,0.14555901729816
epsI,Biofilm,-0.4654027217937402,0.6251488467968446,-2.298607735790958,0.016399155826862608,1.0738606427965234,0.3870861771914346,-0.7593443712006944,0.39623873564090684
epsH,Biofilm,0.8891237737227478,0.041951276259955254,-1.665434554287741,0.0029311853773144607,0.06976897829753072,0.9431961503646107,-2.484789349712958,4.389211118823076e-6
epsG,Biofilm,-1.1938613052612552,0.012141061296625755,-1.29308855414691,0.006431105071301592,-0.39903552544960325,0.5478952763353323,-0.49826277433525784,0.3518815678423808
epsF,Biofilm,-0.5778886542983501,0.42744569363574775,-2.718943503209653,2.2398952462924382e-4,1.000145031186741,0.3004500691913388,-1.1409098177245618,0.10128495513679499
epsE,Biofilm,-0.7944714074353074,0.1529075464650531,-2.3286758440305872,3.431660765614693e-5,-0.33208651907402925,0.7233354295193754,-1.8662909556693092,0.002581942980260327
epsD,Biofilm,-1.612997567878727,9.825066792748891e-4,-2.438349891632209,1.2619330231987584e-6,-0.7042735148732074,0.345743989108849,-1.5296258386266897,0.008672149403048645
epsC,Biofilm,-1.2497379322265858,5.265069649294156e-4,-2.1639776967707958,3.3240440887727583e-9,-0.7312639033054601,0.1513305480860854,-1.64550366784967,6.870274646012702e-5
epsB,Biofilm,-0.07886797880081622,0.8714278626020259,-2.6126381273444483,9.529359297225917e-16,-1.6211818320862115,1.1892214823679573e-4,-4.154951980629844,4.330354321794806e-29
epsA,Biofilm,-1.434253329537502,9.33305374038963e-5,-2.6527503996388733,2.923549112976342e-11,-2.0111670407393674,0.005671457234255684,-3.229664110840739,3.144174937087996e-7
slrR,Biofilm,-1.2194955157895373,0.11170668301815725,-2.796366968441724,2.1026009775008505e-4,-1.0023423670108775,0.38869659401961576,-2.5792138196630643,0.0033377389228687044
spo0F,Biofilm,0.12805915960166264,0.679963656908041,-0.09775898432274192,0.7470345034954727,-0.8671842290527985,2.994267146609774e-4,-1.093002372977203,9.433407037890974e-7
comK,Competence,1.4135261579450675,9.224245769260371e-7,0.25445159721267097,0.47364024702714513,1.4189582405398034,1.676529883868061e-6,0.25988367980740673,0.3893848136281428
comZ,Competence,-0.2579151307502835,0.6338293408234714,0.7415526626635891,0.09073477131626086,0.3076966020860301,0.5538902700766654,1.3071643954999026,0.0010751206904214188
comGG,Competence,0.76738066388853865,0.583128482443501,-3.0053079535805254,0.0898946305877852,1.365013291831988,0.5844849662939534,-2.4076753256370758,0.11114414118919326
comGF,Competence,1.4966093493615718,0.45284974160781893,-0.4684781928985956,0.8574938834522003,-0.472280424522738,NA,-2.4373679667829053,0.21258814118923333
comGD,Competence,-1.316764969979801,0.44663492125157495,-0.48562404069924625,0.7786771823370748,0.0957633225659644,0.9656484594024578,0.926904251846519,0.567109080245852
comGC,Competence,-2.0740967391826715,0.39324848084138747,-0.13657540409747496,0.960106324444124,2.267586242782205,NA,4.205107577867401,0.02316594498561659
comGB,Competence,1.6432251059524672,0.010256354325781794,-0.5112972899574063,0.5385649394852876,0.9182993289893884,0.27754347074160796,-1.2362230669204852,0.049811051612346724
comGA,Competence,1.1941330938016004,0.0066401683638404865,-0.08492127454480833,0.8931849382046301,0.3175082209305125,0.6043258095267067,-0.9615461474158962,0.028145291545839096
comEC,Competence,-0.37827008749450497,0.09877585010791748,0.286978407696971,0.20002859394140207,0.0984124839043596,0.7226110677119498,0.7636609790958355,1.4198638398934193e-4
comEB,Competence,-0.5316221699769222,0.06330872912314056,0.6738637762414336,0.010047758606030528,0.3474788902905153,0.2358340124002288,1.552964836508871,2.37061057246293e-10
comEA,Competence,-0.16840788778343907,0.9366172117891639,-1.6430319435301866,0.39352551403026537,2.9046286225580773,0.1153863434878165,1.43000456681133,0.3111529694434927
comER,Competence,2.0864910183011776,1.8027467641335995e-8,-3.0044419119255,1.6755999314838644e-15,0.20301118302986326,0.7117868039066633,-4.887921747196814,9.298886193876999e-41
comN,Competence,-0.01540876187721943,0.9766488424172081,0.9137551901420259,0.004667948499844807,0.10274346421935752,0.8146503505869549,1.0319074162386028,6.872200216377654e-4
comC,Competence,1.2900926762130625,0.2702836217138152,0.20505177418613174,0.8903613270285261,0.18781598089150317,0.9074909787915677,-0.8972249211354274,0.41313395997988916
comA,Competence,-0.17111575060376438,0.8108229511324739,-0.09310442300338273,0.8914180556725502,-0.9277414648926297,0.09091496088909701,-0.849730137292248,0.0870936699749097
comP,Competence,0.1458463006851486,0.6996731018910564,-0.05064128695268083,0.8975708797657403,0.03306909077087886,0.9343462536940759,-0.16341849686695056,0.5908237078290942
comX,Competence,0.7272581193565968,0.38537363555878673,0.4205784113255932,0.6245586459306929,0.3835932870538292,0.6800275231276444,0.07691357902282568,0.9241735611825541
comQ,Competence,0.3766357953542796,0.18801205200694115,0.3873025144922131,0.15776878170995398,-0.18840654952306804,0.5555376590193357,-0.1777398303851345,0.507788944892538
comFC,Competence,-0.7434958097882112,0.0019272020506363814,-0.25967647046403214,0.32428890829616647,1.197076282884813,1.6619716597028755e-7,1.680895622208992,1.2193957893064577e-14
comFB,Competence,-1.0422154034763034,5.039701805077395e-5,0.49028002433845075,0.04985795497094874,0.7831551102984374,9.882294409019653e-4,2.315650538113191,9.536297077754393e-23
comFA,Competence,-0.5677159880327113,0.016428231483146854,-0.5089895449664382,0.03139418237934022,0.7053090323574088,0.003212452894253939,0.7640354754236818,5.338021209963904e-4
ccdA,Cytochrome activation,0.8715011168107463,0.0026446838849591664,-1.3534784167882168,1.4890349066293328e-5,0.30267819684270775,0.4803104037505392,-1.9223013367562551,6.78677623787031e-11
resC,Cytochrome activation,0.7843909632242777,6.605747817778211e-4,-0.2994754480920873,0.2387309982342128,-0.16681044249229593,0.570967723931034,-1.2506768538086608,6.317236463448604e-9
resB,Cytochrome activation,-0.03182878472714311,0.9354695267894155,-0.16881456939793255,0.5820276768690054,0.015054418457738267,0.9699755530890581,-0.12193136621305116,0.6607998805264486
resA,Cytochrome activation,-0.2883782376833726,0.47514119771306496,0.5721164047358592,0.10135362728121299,-0.6117181007638972,0.0908175696578102,0.24877654165533464,0.47629411963465185
bdbD,Cytochrome activation,-0.30255085810444937,0.32969960796590925,0.057722320052060495,0.8730957813361492,0.003664468471097293,0.9948472916095087,0.36393764662760714,0.17005393054226453
cypC,Cytochrome P450,-0.18857771299170006,0.7671879531665095,-1.1782728864703167,0.012486677950750463,-0.34043435404389144,0.5608839677728422,-1.330129527522508,0.0026290273796942807
yetO,Cytochrome P450,1.4503502981317749,1.8614778302381136e-5,-0.4775422922687548,0.22294328595602592,0.1231836948773333,0.8064695638754726,-1.8047088955231962,5.4298004329964744e-8
yjiB,Cytochrome P450,-1.0327260831656688,0.005425975413642594,-1.8061703244441698,3.850598995051787e-7,0.08606500062491136,0.8713602320023398,-0.6873792406535897,0.06263403727405133
pksS,Cytochrome P450,-0.23010362895634942,0.30449824424838123,0.6257176774422493,0.0010150832109328707,-0.40979453020304335,0.04624802014852975,0.4460267761955553,0.017772810553153797
cypA,Cytochrome P450,1.5143744684885518,1.0994255907347022e-7,-0.951696446650879,0.006540355693253462,0.7963213362148047,0.039845489642727654,-1.669749578924626,1.9674995177021827e-8
cypB,Cytochrome P450,0.35997719335556105,0.48420548351778336,-0.013039761298037179,0.9823215993954117,2.4344177845494053,1.5718817101458267e-9,2.061400829895807,1.3114835536778072e-7
bioI,Cytochrome P450,-0.8458583469690969,0.01168826199922932,0.26642316736074984,0.46152496452828473,0.0051305394262643345,0.9938425357263239,1.117412053756111,3.2379742778176624e-4
cypX,Cytochrome P450,0.9320936263041469,0.01566494249762253,0.18108439365199888,0.6965930339086813,-0.1905197480791751,0.6951217568175928,-0.9415289807313232,0.008232366846168052
hemZ,Heme biosynthesis,0.40200067514226256,0.15044887288853429,-0.2619892973121024,0.3636331779740286,-0.2876040012157439,0.3650938352692529,-0.9515939736701089,1.1595328752798343e-4
hemE,Heme biosynthesis,-0.4860686652799528,0.019932534699153313,-0.19002605629658684,0.40118756390592386,-0.009018677447453731,0.9766792470902753,0.2870239315359122,0.15322082260884953
hemH,Heme biosynthesis,-0.6352415389986734,0.011524420355654874,-0.8560231593611843,3.932209164722276e-4,1.7458424002316797,3.07086237776757e-14,1.5250607798691684,1.0113119532927894e-11
hemY,Heme biosynthesis,-0.08613990680290169,0.8011755114473842,-0.12056307962480527,0.6888123384906144,1.186179980795399,4.356940070439041e-7,1.1517568079734954,2.9110008766055717e-7
hemAT,Heme biosynthesis,0.7667062260470194,1.7379395586866186e-5,0.5236813447773376,0.0055277311771789175,0.4925041098145337,0.01048431216987609,0.24947922854485194,0.1716500009855653
hemN,Heme biosynthesis,1.3970400200734516,4.572035215911618e-8,-0.7935708045881211,0.006501942232368687,1.2693639612572973,8.837460612339373e-6,-0.9212468634042752,3.2723961918733194e-4
hemL,Heme biosynthesis,0.20019473351277417,0.6911536541312736,-1.1594444979424208,0.00256230174640242,-0.2503183290634922,0.6072712025920528,-1.609957560518687,6.920623684334836e-6
hemB,Heme biosynthesis,0.5684682964845694,0.04484055403431955,-1.2683783155338688,1.5404380066120267e-6,0.4186544389499236,0.1816822044425979,-1.4181921730685145,1.938148678724739e-8
hemC,Heme biosynthesis,-0.24378633905223412,0.49966443288570334,-0.8738774285398188,0.003536227332175947,0.47447989019456915,0.15544967524494918,-0.15561119929301553,0.6245594115834857
hemX,Heme biosynthesis,0.14364378378562054,0.6174014231564011,-0.9986715232831478,1.2356873902490833e-5,0.5218514281093751,0.04403771144138404,-0.6204638789593931,0.005575425511108153
hemA,Heme biosynthesis,0.3172078268947252,0.22261666218524007,-0.8459401604339053,1.8028705791227657e-4,0.1873472836367644,0.5084822813656183,-0.975800703691866,5.033525428548377e-6
feuC,Iron Acquisition,-0.08645766345554735,0.8281927424099821,0.754828195489461,0.006447161409873152,0.4244863871331283,0.1632079693931223,1.2657722460781367,6.94443353805044e-7
feuB,Iron Acquisition,0.11875343076394117,0.7423871971045906,0.5155512404381553,0.06276177995017772,0.9007341412012545,6.973389392860258e-4,1.2975319508754686,1.192120705718375e-7
feuA,Iron Acquisition,0.08970017285138812,0.8174636791598866,0.9683080686501514,2.8228170371663195e-4,0.673970225926541,0.01676456441023311,1.5525781217253045,4.678740125070564e-10
ybdZ,Iron Acquisition,0.7867741455919496,0.2183837740890788,2.1921375160983776,6.584645432204069e-5,-1.7094737683008323,0.002882951643693642,-0.30411039779440446,0.6133391981129065
dhbF,Iron Acquisition,0.36894996127654905,0.4757875586672418,1.6341477813238243,8.7897094169241e-5,-1.3794612649804041,0.0013011311177689292,-0.11426344493312894,0.8117687454534426
dhbB,Iron Acquisition,0.010215710377465511,0.9875569640013167,1.0751829449461714,0.004678238309565943,0.27411821883419624,0.5616789478101553,1.339085453402902,1.5669207810401967e-4
dhbE,Iron Acquisition,-0.0179444210975726,0.9708334051997232,1.981541125027913,7.793391967186646e-12,-0.2498468681382629,0.5092145786749224,1.7496386779872226,6.832806009921226e-10
dhbC,Iron Acquisition,0.24965998903051526,0.6115799798828797,1.6898142293948555,5.538672381842554e-6,-0.17885695142362112,0.7239455492190562,1.2612972889407188,4.952366953941866e-4
dhbA,Iron Acquisition,-0.9419603583940822,2.501476846823683e-4,-12.402568455397672,2.9630892150111087e-23,0,1,-11.093653526025182,1.8282301091016753e-19
besA,Iron Acquisition,0.10823798025878917,0.6174014231564011,0.6468741268412094,9.914525507879671e-5,-0.24383969771574904,0.2026588102365389,0.2947964488666711,0.07631891207672972
yusV,Iron Acquisition,-0.19700347518672254,0.4409091479925095,0.7003927778214639,8.698638704422203e-4,-0.3123695626167102,0.18916160115536798,0.5850266903914763,0.003781193191716279
cypX,Iron Acquisition,0.9320936263041469,0.01566494249762253,0.18108439365199888,0.6965930339086813,-0.1905197480791751,0.6951217568175928,-0.9415289807313232,0.008232366846168052
yvmC,Iron Acquisition,1.0544567867843442,0.027204140765837787,1.1454804536133871,0.013747026056810788,-1.119204947328032,0.01864237120183225,-1.0281812804989892,0.019323897802517604
yvmB,Iron Acquisition,1.9822205897167517,2.7874531321609385e-4,2.5546836639242794,1.5399278644517675e-6,-0.15547424049365388,0.8387283632944482,0.4169888337138736,0.46645839065078765
yvmA,Iron Acquisition,2.260989420254851,9.944236989277116e-8,1.8811535262806807,1.3943545291914526e-5,-0.019669530592544917,0.9766896369148395,-0.39950542456671506,0.3816732514394476
kinE,Kinase,-0.07430779516493476,0.8116562813453225,-0.25581172184746354,0.29219489593750425,-1.044173668113548,1.8942211832828483e-6,-1.2256775947960767,3.298086903093445e-9
kinD,Kinase,-0.5951893330706202,0.03085792291862397,-0.12175831839215075,0.7121850012386451,0.17712463048835506,0.5924755632052956,0.6505556451668244,0.009797143496675325
kinA,Kinase,0.35933300737976015,0.03268927259155398,0.002541348756494589,0.9911339367940167,-0.568394937684923,7.22772383551906e-4,-0.9251865963081886,1.4598082479335887e-9
kinC,Kinase,0.5311151492035772,0.033843829523420084,0.9719547881014012,2.7511306932373202e-5,-0.34136228943825425,0.20375762174019818,0.09947734945956972,0.7008154582709414
kinB,Kinase,1.3067831222959738,6.233520267213905e-6,-0.2540421860557363,0.47090484722744735,-0.1428773493509832,0.7334809064609283,-1.703702657702693,2.4851623529838544e-09
glpF,Metabolism,0.1858980051513583,0.4143555631385205,1.2396605170728794,2.0895882601045677e-12,0.2950428824308118,0.1511909766735769,1.3488053943523328,5.28228790698723e-15
glpK,Metabolism,-0.03896145230046107,0.9118649931843673,-0.22061374785642243,0.398176791328954,-0.44891887791969015,0.07170061905012172,-0.6305711734756515,0.004256169922194319
glpD,Metabolism,-0.1773345655432278,0.6719306867806389,0.4258374867896392,0.22316776365980906,2.7637512143575416,2.157016391032464e-20,3.3669232666904083,4.9904695524317845e-31
argC,Metabolism,-1.3399797181811821,0.05890143710904254,-2.7748381444488652,2.5596753329130735e-5,-2.227594885109853,0.005225869686503777,-3.6624533113775364,2.6779845450921096e-7
argJ,Metabolism,0.07165294893513692,0.8999528811003136,-2.7294585276399532,1.6413555801447408e-10,-1.8708776208000488,0.012763012081344298,-4.671989097375139,6.770309281963278e-14
argB,Metabolism,-0.3667398397741312,0.6932985518949347,-6.119838293518022,2.494315259946894e-5,1.2595282126433696,0.5939182616520282,-4.49357024110052,3.6683181029995525e-4
argD,Metabolism,0.08597589408616026,0.870522625435357,-4.002506787754246,1.4235872424697252e-13,1.6574325587354557,0.012783717140666794,-2.4310501231049506,6.694945761369024e-9
tpiA,Metabolism,0.046484264439794185,0.9519518939981274,-0.29704517969890704,0.6261907904640994,2.9918402659104335,4.729343320653607e-10,2.648310821771732,1.2755646269536875e-8
spsL,Metabolism,3.5207934522487236,2.900080522533093e-38,-2.511129376888509,7.581750830213382e-14,0.38582670664258234,0.43065397440930336,-5.64609612249465,1.6308327285377136e-70
spsK,Metabolism,3.139489321610265,6.345732528782977e-13,-2.569378136613826,8.250207926900672e-7,0.36757425128380206,0.629424044389262,-5.341293206940288,3.102625379580741e-28
spsJ,Metabolism,2.805586526771355,2.663874409817701e-9,-3.3480560799983223,1.3051005976496972e-7,1.0301009610114924,0.2193770662514116,-5.123541645758185,4.263830102804394e-21
spsI,Metabolism,3.2902040862320376,2.1350396076053827e-13,-2.0144271863400416,5.562060834711962e-4,-0.19063579648628323,0.8465737313552488,-5.495267069058363,2.2429928699873375e-22
spsG,Metabolism,3.0712757856184623,2.1917955558084095e-10,-3.8789504078537465,1.2398802898807916e-7,0.7699838980572943,0.48577727365100815,-6.180242295414914,3.812042212140965e-22
spsF,Metabolism,3.3033620125616774,1.7092300852282516e-13,-3.039913047417669,7.536149723829173e-8,-1.7761342104689353,0.07753748666997436,-8.119409270448282,5.012669028361152e-25
spsE,Metabolism,3.8835834482909317,6.296780772028106e-28,-4.257801950100155,2.6839994157975594e-22,-0.8776061404722152,0.219886226503863,-9.0189915388633,1.4846693457977948e-69
spsD,Metabolism,3.1440971823540833,3.9954914563202595e-16,-3.60200276065508,1.2905546913741756e-9,-0.6291917661562806,0.5802703814196624,-7.375291709165443,7.979690401813967e-26
spsC,Metabolism,3.350334190413228,1.8241823980665573e-19,-4.2916249166925615,5.9351693120512366e-8,1.5967946838150895,0.12353677495144369,-6.0451644232907,3.0187397734529713e-28
spsB,Metabolism,3.382979840959153,3.211089082116333e-30,-3.7359660779731945,3.208782493370714e-25,-0.3411309618423184,0.5687973885853871,-7.460076880774666,1.647661888587969e-85
spsA,Metabolism,4.13171520802534,3.7151954102455915e-60,-5.39511689706325,2.124438186715259e-34,-0.5669705208500572,0.5266517138749018,-10.093802625938647,2.2422747875018456e-76
perR,Peroxisome,-1.8209722802362287,1.7197811101639082e-13,-2.5144588920007522,9.724192385271432e-25,-0.5366468478087938,0.05879835815383656,-1.230133459573317,5.966128394286576e-7
katA,Peroxisome,-2.355237551688309,4.6657555696635145e-4,-3.2468785640680493,6.423674245783524e-7,-2.450700140464571,3.0571358659154573e-4,-3.342341152844311,1.1093496904107776e-7
mrgA,Peroxisome,-3.3639447372933162,NA,-4.288111642683261,NA,-0.09394974320201575,NA,-1.0181166485919604,NA
srfAA,Secondary metabolite,0.44206029166726785,0.35692705602448527,-0.6233873710511475,0.15451267931117116,0.5893979608250781,0.20195311118491474,-0.47604970189333723,0.2473771173136029
srfAC,Secondary metabolite,0.3732183795918386,0.4773654037602306,-0.4721831917731425,0.3283149575232134,0.39387700867934317,0.4547375221665292,-0.45152456268563795,0.3065169765221937
srfAD,Secondary metabolite,0.63104232583688,0.29514954775637386,0.5122213930671876,0.3836552745507432,-0.4991598949421379,0.42882695175601093,-0.6179808277118304,0.24070653136522366
pksA,Secondary metabolite,-0.03974799672531342,0.9176295041932362,0.025859964378049934,0.9415750099141799,-0.02851840157135372,0.935388397903426,0.03708955953200964,0.8985896812562669
pksB,Secondary metabolite,-0.2738793769151533,0.6465979670045539,0.38159786478061647,0.4709047677257746,-0.3773130756590621,0.5095477865060711,0.27816416603670757,0.5703038619413444
pksC,Secondary metabolite,-0.8049186793624759,0.008158117052971097,-0.38309310261288454,0.23727308375015435,0.22947137111968297,0.5356768841029398,0.6512969478692743,0.023613435504078715
pksD,Secondary metabolite,-0.8756797848185611,0.0024378395011521534,-0.12440375853675067,0.7300171749902536,0.40006487933252455,0.21714880685380367,1.1513409056143349,1.7901643218645213e-5
pksE,Secondary metabolite,-0.510099527971358,0.06786394081426862,0.02840710774755103,0.9371598182428744,0.044442305737544305,0.9045431670034594,0.5829489414564534,0.021328829538361415
pksF,Secondary metabolite,0.04029392885837653,0.9082482362577295,0.6516511692262353,0.004472532418280476,-1.5015221371893623,2.8006807548728762e-11,-0.8901648968215035,7.179290142878728e-5
pksG,Secondary metabolite,0.1651658389326636,0.7701444394961615,0.4962570282710452,0.26798812193939164,-1.0219197807379494,0.020769580006655117,-0.690828591399568,0.09868661021668781
pksH,Secondary metabolite,-0.0459613224660629,0.9206406935200897,0.3249522726416725,0.32695118658051264,-0.8853103318416965,0.005796321457761286,-0.5143967367339611,0.09699522960993791
pksI,Secondary metabolite,-0.5511487308506919,0.2920962182132219,0.2228788059914865,0.6857720132701005,-0.722438874571289,0.1632079693931223,0.0515886622708895,0.9237437349518337
pksJ,Secondary metabolite,0.007336697524218205,0.9906265920044567,-0.2088765362222672,0.6266833657107516,-0.8514566836448054,0.023506462990379055,-1.067669917391291,0.0016793644228955875
pksL,Secondary metabolite,-0.31700750370749875,0.433807406693438,-0.7947443817515304,0.021856993387325694,-0.7475261313430371,0.039354095111372785,-1.225263009387069,1.3387688904150538e-4
pksM,Secondary metabolite,0.2925621495893637,0.3871313923675552,-0.5850164990449472,0.049962596262420875,-0.9390172213924349,0.001481059149133295,-1.816595870026746,1.0184708137531919e-11
pksN,Secondary metabolite,0.34729999090480573,0.38545935287798117,-0.670421330936704,0.05735609247710701,-1.0226002261378366,0.0032357585164137287,-2.0403215479793464,6.902748360336877e-11
pksR,Secondary metabolite,0.5625743105508173,0.1739470443888424,-0.9069746715436782,0.01718856610978358,-0.7070624167348114,0.08320343988831773,-2.1766113988293068,2.9383702945273715e-10
pksS,Secondary metabolite,-0.23010362895634942,0.30449824424838123,0.6257176774422493,0.0010150832109328707,-0.40979453020304335,0.04624802014852975,0.4460267761955553,0.017772810553153797
bdbB,Secondary metabolite,-0.10449434430251063,0.9097653532287707,2.1368604602038865,3.0356926152922396e-4,-2.0380140852175854,7.273007602257674e-4,0.20334071928881156,0.760267181686076
bdbA,Secondary metabolite,-0.49014102378871316,0.41957239268274527,1.4549755521022563,0.004109301000219331,-1.2408558227785926,0.01863307604879549,0.7042607531123769,0.1657882086365871
sunT,Secondary metabolite,-0.5223236017220255,0.39570892857816425,1.552377613848871,0.0027099794502403957,-0.8537295263911092,0.13310474782351991,1.2209716891797875,0.013922778801461448
sunA,Secondary metabolite,1.0627380800581028,0.07404510235573725,1.3581374170465321,0.01606386698487515,-0.6887411035653077,0.28032370748468965,-0.3933417665768784,0.4962125570200576
sunI,Secondary metabolite,0.009524924655976217,0.9875569640013167,1.827973494407031,4.3939228112455046e-8,0.36599907840820056,0.3798547572064812,2.184447648159255,1.0225970391212453e-11
sboA,Secondary metabolite,0.6250345975811736,0.40234099577468413,0.3498682096684863,0.6434753368348199,-1.856467526932435,0.0035877682667630564,-2.1316339148451227,2.9330833235647545e-4
sboX,Secondary metabolite,0.6846187982415278,0.3115023339550172,2.047157497085647,3.087820976452954e-4,-2.337830978491868,7.126877717607124e-5,-0.9752922796477486,0.10047592627628532
bacE,Secondary metabolite,-0.8759690471450379,0.0014032551578169212,-0.3571005127123775,0.21769904923844416,-0.8935869871703136,0.004990787712095255,-0.37471845273765314,0.2416291268729434
bacD,Secondary metabolite,-0.32736924557180413,0.033143277307959206,-0.21398047651166865,0.17511822053443163,-0.6609545919923275,1.2103324549149693e-5,-0.5475658229321921,1.5205415791177894e-4
bacC,Secondary metabolite,-0.17240195523211682,0.5890838387763048,-0.18581148542277828,0.5274312839041316,-1.526948846421944,7.790540554642918e-9,-1.5403583766126054,1.2698110854912737e-9
bacB,Secondary metabolite,-1.214905722605338,2.3658997533269473e-7,-0.12831335467845384,0.6608288946250556,-1.2576020286705902,5.012316218856864e-7,-0.17100966074370638,0.5391407805442167
bacA,Secondary metabolite,-0.9475838151012264,0.18159272389701095,-0.05992128199272618,0.9467685404349208,-0.9985756769169802,0.15774304423812296,-0.11091314380848008,0.8787707118077622
sunS,Secondary metabolite,NA,NA,NA,NA,NA,NA,NA,NA
sigH,Sigma factors,-0.7683341935797535,0.076875426478872,-0.607297328510683,0.16097642249718727,-0.21268382547671305,0.6843804541358344,-0.051646960407642495,0.9108746834785995
sigW,Sigma factors,0.3217554559448976,0.5186393009999264,-0.23993834527454058,0.6227021144595551,-1.5819508163879825,7.872652957567042e-5,-2.143644617607421,1.0139096351324329e-8
sigB,Sigma factors,0.777551675701284,0.10182556909906454,-1.1462730655967732,0.009680521351232005,1.4329086428090716,0.0011162922072137983,-0.4909160984889855,0.2662349873346076
sigM,Sigma factors,-1.5348883754361,6.180263318637256e-5,1.6675309025716367,7.02646651120714e-6,0.3299592422390295,0.4782762904640646,3.5323785202467666,1.9602358088453145e-23
sigI,Sigma factors,-0.9878336157129015,0.022169420394910683,1.0250290135304616,0.014792235250752812,1.8797010040988025,2.7078181517301805e-6,3.892563633342166,2.847934337982544e-25
sigE,Sigma factors,0.8955966996544371,0.005492919864531899,-2.486463290661469,6.424176591492004e-12,0.03638066671233484,0.9568911538944318,-3.3456793236035716,3.242994014529972e-20
sigG,Sigma factors,0.21963656565908288,0.47514119771306496,-0.32741062807135235,0.23727308375015435,-1.293463265914126,2.431063269691303e-7,-1.8405104596445612,6.487038500195306e-15
sigD,Sigma factors,-0.13204415355088722,0.6719306867806389,0.2778131155368219,0.28944754458388744,-0.347272955916555,0.20922580707529798,0.06258431317115416,0.8206590051184028
sigX,Sigma factors,-0.3328388751449562,0.621559358238488,1.913284060562323,2.1651068363800777e-4,-1.0394139012612815,0.06542783126873777,1.2067090344459976,0.017343468112212282
sigF,Sigma factors,1.469148597860566,2.7013641390888674e-5,-1.4587082343259068,3.689289153887701e-5,-0.6404354997161645,0.1113661235808089,-3.5682923319026374,4.1173171547618146e-27
sigA,Sigma factors,0.380652060139342,0.11538466806429332,-0.5408348959921594,0.016412545613982116,0.045758392708302884,0.8832079382640805,-0.8757285634231986,2.101430752792327e-5
sigKN,Sigma factors,2.42824188782296,3.2481122361602355e-15,-1.5840292379121779,3.837985511764582e-5,0.8784509304141963,0.051126118189660154,-3.1338201953209412,3.5589196067744665e-21
sigKC,Sigma factors,2.7260321885759455,3.0753619827282546e-5,-0.7068664386851861,0.3978917859483991,0.2664897312386154,0.803464231371472,-3.1664088960225163,2.4548573538766895e-6
sigZ,Sigma factors,0.32769992962019223,0.5083925988458529,0.2819408628677455,0.5554157602453396,0.37968682309230883,0.44233834114821546,0.33392775633986216,0.427333846758454
sigV,Sigma factors,-1.9220079733507853,9.927983885315842e-7,-0.5078502162605087,0.17511822053443163,2.8213992123555607,5.959521276434305e-20,4.235556969445837,3.1760847406922645e-32
sigO,Sigma factors,-0.09638863833030523,0.8989053694430176,-0.03982199499430437,0.9564539084607657,-0.5314997289455341,0.4149184703793848,-0.4749330856095333,0.3947773765018476
sigL,Sigma factors,0.6022986172495755,0.1023829978729572,-0.4052143826600329,0.27786872310726146,0.15267835200514696,0.7324784886988371,-0.8548346479044614,0.008337895215031529
sigY,Sigma factors,1.9727874194515136,2.6111401854063533e-15,0.059507450631589597,0.8788050808259683,2.1643585604203834,4.843367227345417e-17,0.25107859160045953,0.3381366673930256
spoVG,Sporulation,0.3785990210439439,0.11830317199160409,1.2285115792678867,4.562337870491119e-9,-2.0054972033837792,1.1672272835605448e-22,-1.1555846451598366,1.4090681556449478e-8
spoVT,Sporulation,1.3578408237888915,1.7150277224585363e-5,0.1934273316844128,0.622373309773036,-1.115117246716706,7.496296960672506e-4,-2.2795307388211845,3.200559785001579e-14
spoIIE,Sporulation,1.373601091261162,3.7344133442744265e-10,-2.5576654501645795,3.580416227005548e-29,0.3813179805370783,0.19193546228207178,-3.5499485608886627,1.257161643442675e-57
spo0M,Sporulation,0.5821625326479266,0.12938600856592244,0.42375799134083114,0.2685464910514584,-1.2850219334428887,2.2443447092248422e-4,-1.4434264747499843,9.545388023608796e-6
spoVR,Sporulation,1.3774536695397523,7.666405395042708e-5,-1.3515852838742326,6.80440048767596e-4,1.010928981617192,0.021101774120111647,-1.7181099717967925,8.362859441947999e-7
spoVIF,Sporulation,3.7687898969190194,5.982945149243553e-24,-8.681532545060266,8.03236419977723e-34,-0.5565172289434731,0.7284902193763203,-13.006839670922759,3.085981988063797e-45
spoIISB,Sporulation,0.37480288983252885,0.40347153293907306,0.8647654238726014,0.024442653430194607,-0.299345275749155,0.5229122828169622,0.19061725829091758,0.6384072712780244
spoIISA,Sporulation,0.0637789921346161,0.7489932191134683,0.3045737687329761,0.04420623290714184,0.37136956128756005,0.014276666060174636,0.61216433788592,6.896619290023864e-6
spo0E,Sporulation,0.03133647965756849,0.9725771319570996,1.6165085879560996,0.005035482623191423,-1.0393737050819938,0.09423616481022913,0.5457984032165375,0.34973813206062865
spoVD,Sporulation,1.0828684534379607,1.3004278123498105e-5,-0.23005762468296015,0.4433170675112396,0.6121277165566438,0.02830912603540998,-0.7007983615642769,0.004515161198437463
spoVE,Sporulation,1.2921949817478386,6.765025335642582e-12,-0.5573384773501717,0.0087138699331634,-0.6320414281524476,0.006251866761842957,-2.4815748872504577,1.70472718103385e-36
spoIIGA,Sporulation,1.355026382295587,0.0017337307702236541,-3.306859823720602,7.469123511308286e-13,-0.20735708327560964,0.78798429922309,-4.869243289291799,3.0549568833406455e-25
spoVM,Sporulation,2.8256148904324183,3.8887842494820607e-4,-2.8034754794527585,0.007895554259335613,-0.9595754305653406,0.5817203735124458,-6.588665800450517,4.352359281962412e-9
spoVFA,Sporulation,3.3910968910824524,1.493313676673601e-27,-5.289455760192131,8.038930687255654e-22,1.2899706598922644,0.08399031929827876,-7.390581991382318,8.712238906115166e-64
spoVFB,Sporulation,3.3047020802320137,6.676044832756873e-23,-0.7361866091769209,0.06732719128239505,-1.8344138667323426,5.41405844837278e-5,-5.875302556141277,1.4882426076937343e-48
spoIIIE,Sporulation,-0.4777640313244583,0.00881069718183901,-0.22934730276502427,0.23727308375015435,0.07567317941166903,0.7508374052837478,0.3240899079711031,0.06563268793564017
spoVS,Sporulation,1.0251753451381982,5.829479397297056e-6,-0.4729429652569044,0.056149717744838686,-0.9381206421546086,1.2074319238474612e-4,-2.436238952549711,2.284078791109232e-28
spoVK,Sporulation,2.3994799347610996,6.552541662594265e-14,-3.280822566644817,3.428732179419612e-14,0.5516283638556506,0.39198760543644334,-5.128674137550266,1.593298717226077e-37
spoIVA,Sporulation,2.690483168477927,4.863328830544728e-25,-4.6075994391338355,2.1632892746079285e-61,-0.6969588375093625,0.06326426619703511,-7.9950414451211245,2.0718523916331515e-161
spoVAF,Sporulation,1.0954435910557563,1.5520576898725776e-6,-0.17880491057529913,0.5242246322347942,0.4660651483837708,0.07601476296641377,-0.8081833532472845,3.346492234422816e-4
spoVAEA,Sporulation,1.6695897712168044,9.96910654536285e-4,-1.6562229014576335,0.01195593228168859,1.775385112876693,0.010174699847470672,-1.5504275597977446,0.0022933270392867895
spoVAEB,Sporulation,1.5966967197444355,0.032351288779131085,-1.2998496110072661,0.18929200307309557,0.5606198604991341,0.6790624770834488,-2.3359264702525673,0.005100706431172901
spoVAD,Sporulation,0.7873102543112688,0.03739391154751359,-0.3578519400848272,0.4033063591691187,1.106729375141994,0.004466113385544934,-0.038432819254102,0.9251977404772751
spoVAC,Sporulation,1.1220745672339834,0.12366494809715066,-2.2804592013307343,0.014826426237242703,2.999604540325761,0.0012407632969318996,-0.40292922823895644,0.5664240154016549
spoVAB,Sporulation,1.2275225521970663,0.3520208995141262,-0.9514695897996758,0.5620006889608995,1.4427852498252045,0.39800132730175275,-0.7362068921715376,0.5472734137587173
spoVAA,Sporulation,2.094445885750064,8.970710177114913e-15,-1.4872067478760829,2.264360628208452e-5,0.27614301000229263,0.5955528769992398,-3.305509623623854,6.72850667329601e-25
spoIIAB,Sporulation,1.2213867908538452,0.00514350872655428,-1.5861486903496063,2.1443381925647064e-4,-0.7741478411779813,0.11638543078023558,-3.5816833223814326,8.474725350013684e-19
spoIIAA,Sporulation,0.8112081184647201,2.9965392669567954e-4,-1.4729314411981833,1.0415998630542868e-10,-0.8456031829627828,0.002842350644559216,-3.129742742625686,1.0632658356853738e-38
spoIIM,Sporulation,2.4489272021626847,3.101196384155133e-20,-1.839426654731444,1.9299939274275502e-7,0.8522799720731544,0.04906223441807841,-3.4360738848209738,1.0533065097532579e-29
spoIVB,Sporulation,1.8276432858019143,9.964637600059916e-12,-1.0596993990987273,4.5736606850605826e-4,-0.5332436505368541,0.1519539734628432,-3.4205863354374957,2.1291005287972935e-32
spoIIIAH,Sporulation,3.0140743388434044,8.4155795294344e-19,-3.9378282142967094,1.1519602807169344e-21,0.2055246624830604,0.7648503624569283,-6.746377890657052,5.303245235761058e-62
spoIIIAG,Sporulation,2.3565724640414283,6.859480077080824e-13,-4.125541776888798,7.010000953137319e-9,1.2710123152156083,0.20276167100752968,-5.211101925714618,1.277542289000292e-22
spoIIIAF,Sporulation,2.735956098219174,1.9551388608905685e-23,-4.01393051160687,5.408502300215698e-9,1.4929680392012505,0.10429127581358548,-5.256918570624793,1.2392025100523899e-28
spoIIIAE,Sporulation,2.8462127131751926,4.041022237236191e-24,-2.311374517925254,1.2808229981415518e-10,0.239792253292419,0.6743239192870344,-4.917794977808028,5.294254426607012e-47
spoIIIAD,Sporulation,2.3289822128145015,0.0018267766510074058,-3.981344108417467,0.009417717194617854,1.3508040051277532,0.56421400315682,-4.959522316104215,6.404408023347545e-5
spoIIIAB,Sporulation,1.9058047432338605,0.0016164254161415616,-1.9617185962234944,0.04099860733245954,-1.8148261214287305,0.3290220296791333,-5.682349460886085,1.8832209576641372e-5
spoIIIAA,Sporulation,2.3069104231589996,9.434732796544888e-12,-3.7069945809450857,1.7868374185078531e-9,0.01185483786134803,0.9948472916095087,-6.002050166242736,4.560195187270606e-21
spoIIP,Sporulation,1.780024195002567,1.414202211071e-13,-2.218168481953809,1.884602981428759e-10,0.03468436315879767,0.9597955431689106,-3.963508313797578,4.0049936555605684e-30
spoIVCA,Sporulation,0.9110020872420839,2.396872190002512e-7,-0.6689228629753619,4.0713286856835346e-4,-0.1572165792612216,0.5287741193373704,-1.7371415294786674,7.882583853521282e-23
spoVB,Sporulation,0.9017782289454038,7.678855091440118e-11,0.02613509181612684,0.8977276558373325,-0.97100571615093,1.1000316938623823e-10,-1.846648853280207,3.794458359935401e-39
spo0B,Sporulation,-0.6991597443347479,0.05965485496590734,0.23678542429706323,0.5603808492102869,-0.061228601733933415,0.9007786199261115,0.8747165668978777,0.00867615537764015
spoIVFB,Sporulation,2.2563153669454885,9.575855717095405e-14,-1.8895007554783863,1.8052590332506428e-6,0.45791759048240605,0.4133035573080651,-3.6878985319414688,6.623011153961694e-25
spoIVFA,Sporulation,2.56888827082441,9.114328295251246e-26,-2.817821417060997,6.285128535217351e-19,0.4182169216999616,0.37491835794910294,-4.968492766185445,2.0345320436230095e-61
spoIIB,Sporulation,1.25088655408704,4.2095306597697185e-8,-2.5503352090647557,1.5744341165865432e-24,0.02522505163607519,0.9547584093295738,-3.7759967115157202,6.982700393268497e-52
spoVID,Sporulation,2.990504426770734,4.995236364065953e-20,-4.97546700660633,7.938023121067422e-43,0.31701061598287805,0.5625902642088929,-7.648960817394186,6.037991057226842e-102
spoIIID,Sporulation,2.092301737388233,1.8255212494329417e-7,-6.831560465540142,2.716432990765857e-18,2.1169544936023854,0.030829472203591925,-6.806907709325989,1.7774237790939718e-38
spoIIQ,Sporulation,2.9352009263309666,9.506616456332198e-61,-2.028575982736119,7.457027913984929e-28,0.44567881175114904,0.039972978444452044,-4.518098097315936,8.898762146884512e-140
spoIID,Sporulation,2.0000160749679314,2.236670151774992e-14,-0.760189048746758,0.009118203984811469,-0.29645712439698846,0.39944627269337374,-3.0566622481116776,1.9270402946310803e-31
spoIIR,Sporulation,0.5635143101979773,0.23154736199088397,-0.5982384111078699,0.18675620850342156,-0.5378635852147756,0.27928386877488176,-1.6996163065206227,1.86447803678522e-5
spoIIIJ,Sporulation,-0.733746399271245,9.415665971970323e-4,0.2812693894041981,0.24657787489081281,-0.15420260245476686,0.5812453951652826,0.8608131862206762,3.5848630684772425e-5
