#	down
Pm92_000928	K01707
Pm92_001263	K03553
Pm92_001626	K01356
Pm92_001665	K03503
Pm92_002239	K02032
Pm92_002239	K10824
Pm92_002239	K12372
Pm92_002240	K01707
Pm92_002297	K02055
Pm92_002444	K01857
Pm92_002683	K00355
Pm92_002902	K01652
Pm92_002985	K18297
Pm92_003110	K18383
Pm92_003146	K10680
Pm92_003406	K01356
#	up
Pm92_000001	K02313
Pm92_000002	K02338
Pm92_000003	K03629
Pm92_000004	K02470
Pm92_000008	K00655
Pm92_000009	K03273
Pm92_000010	K01879
Pm92_000011	K01878
Pm92_000012	K01246
Pm92_000013	K02517
Pm92_000015	K03499
Pm92_000016	K03500
Pm92_000017	K00604
Pm92_000018	K01462
Pm92_000020	K04096
Pm92_000021	K07566
Pm92_000022	K00344
Pm92_000023	K00228
Pm92_000024	K00014
Pm92_000025	K03321
Pm92_000027	K01133
Pm92_000039	K05594
Pm92_000039	K07184
Pm92_000040	K09165
Pm92_000043	K04063
Pm92_000047	K01091
Pm92_000050	K07070
Pm92_000052	K06152
Pm92_000053	K06151
Pm92_000059	K02275
Pm92_000060	K02274
Pm92_000060	K02298
Pm92_000061	K02258
Pm92_000064	K14998
Pm92_000068	K07152
Pm92_000069	K02073
Pm92_000070	K02072
Pm92_000071	K02071
Pm92_000072	K03781
Pm92_000080	K02335
Pm92_000081	K03978
Pm92_000082	K02277
Pm92_000084	K03673
Pm92_000086	K13590
Pm92_000087	K11066
Pm92_000088	K11383
Pm92_000089	K11384
Pm92_000094	K06374
Pm92_000095	K18480
Pm92_000096	K02067
Pm92_000097	K02065
Pm92_000098	K02066
Pm92_000103	K03300
Pm92_000110	K18118
Pm92_000110	K22214
Pm92_000111	K00325
Pm92_000123	K03406
Pm92_000133	K03832
Pm92_000136	K03543
Pm92_000149	K11935
Pm92_000150	K11931
Pm92_000150	K21478
Pm92_000151	K11936
Pm92_000152	K11937
Pm92_000153	K07326
Pm92_000154	K15125
Pm92_000158	K07491
Pm92_000191	K07250
Pm92_000191	K14268
Pm92_000198	K02046
Pm92_000199	K02047
Pm92_000200	K02045
Pm92_000211	K02049
Pm92_000211	K15555
Pm92_000239	K02030
Pm92_000241	K21136
Pm92_000242	K21137
Pm92_000243	K18138
Pm92_000243	K18303
Pm92_000243	K21134
Pm92_000253	K02028
Pm92_000253	K02029
Pm92_000253	K09972
Pm92_000253	K10004
Pm92_000253	K10010
Pm92_000254	K02029
Pm92_000254	K10009
Pm92_000257	K00640
Pm92_000258	K02168
Pm92_000263	K10831
Pm92_000265	K01919
Pm92_000266	K02614
Pm92_000267	K06959
Pm92_000269	K07638
Pm92_000270	K05844
Pm92_000274	K19803
Pm92_000275	K04083
Pm92_000276	K01610
Pm92_000281	K03654
Pm92_000287	K11921
Pm92_000289	K20881
Pm92_000290	K08312
Pm92_000291	K01082
Pm92_000293	K10126
Pm92_000294	K10125
Pm92_000295	K00067
Pm92_000296	K01790
Pm92_000297	K00973
Pm92_000298	K01710
Pm92_000337	K14744
Pm92_000358	K00694
Pm92_000358	K20541
Pm92_000359	K01179
Pm92_000359	K20542
Pm92_000360	K20543
Pm92_000363	K19294
Pm92_000367	K02029
Pm92_000368	K02029
Pm92_000368	K09999
Pm92_000369	K02030
Pm92_000369	K09997
Pm92_000370	K02028
Pm92_000371	K11735
Pm92_000381	K07289
Pm92_000383	K01089
Pm92_000383	K01693
Pm92_000384	K02501
Pm92_000386	K01814
Pm92_000386	K01817
Pm92_000387	K01663
Pm92_000387	K02500
Pm92_000388	K02030
Pm92_000390	K09798
Pm92_000391	K03797
Pm92_000393	K15633
Pm92_000394	K01011
Pm92_000395	K03676
Pm92_000396	K03071
Pm92_000397	K03216
Pm92_000404	K01915
Pm92_000405	K03151
Pm92_000406	K06207
Pm92_000408	K00688
Pm92_000411	K03841
Pm92_000413	K03098
Pm92_000415	K05836
Pm92_000416	K09975
Pm92_000417	K01712
Pm92_000418	K03457
Pm92_000421	K02000
Pm92_000422	K01745
Pm92_000423	K01745
Pm92_000424	K16234
Pm92_000425	K01468
Pm92_000426	K01458
Pm92_000426	K01479
Pm92_000428	K07560
Pm92_000429	K03670
Pm92_000430	K03669
Pm92_000431	K02030
Pm92_000432	K02030
Pm92_000433	K02029
Pm92_000434	K02028
Pm92_000434	K02029
Pm92_000436	K03406
Pm92_000438	K03118
Pm92_000443	K03688
Pm92_000444	K03690
Pm92_000445	K03183
Pm92_000450	K03821
Pm92_000451	K22250
Pm92_000452	K03821
Pm92_000456	K03591
Pm92_000457	K01887
Pm92_000458	K04066
Pm92_000459	K02909
Pm92_000461	K00027
Pm92_000461	K00029
Pm92_000462	K05366
Pm92_000466	K02507
Pm92_000466	K02666
Pm92_000468	K01735
Pm92_000469	K03112
Pm92_000470	K00265
Pm92_000471	K00266
Pm92_000472	K01599
Pm92_000476	K09458
Pm92_000477	K00059
Pm92_000479	K00647
Pm92_000485	K07107
Pm92_000486	K01745
Pm92_000491	K02078
Pm92_000492	K02078
Pm92_000495	K03496
Pm92_000501	K05802
Pm92_000501	K22051
Pm92_000502	K11105
Pm92_000503	K03406
Pm92_000506	K00248
Pm92_000507	K13821
Pm92_000508	K11928
Pm92_000509	K11904
Pm92_000511	K01740
Pm92_000512	K07115
Pm92_000513	K07304
Pm92_000515	K00627
Pm92_000516	K00163
Pm92_000517	K00982
Pm92_000518	K02843
Pm92_000519	K02841
Pm92_000520	K02844
Pm92_000521	K02848
Pm92_000528	K10440
Pm92_000530	K02014
Pm92_000532	K00612
Pm92_000536	K12987
Pm92_000536	K12988
Pm92_000538	K11085
Pm92_000539	K03272
Pm92_000539	K21344
Pm92_000540	K01784
Pm92_000546	K02527
Pm92_000547	K12340
Pm92_000548	K03147
Pm92_000549	K03457
Pm92_000551	K01515
Pm92_000553	K03651
Pm92_000554	K07000
Pm92_000555	K02622
Pm92_000557	K02621
Pm92_000558	K09857
Pm92_000559	K07186
Pm92_000560	K01079
Pm92_000561	K01613
Pm92_000562	K01011
Pm92_000564	K02556
Pm92_000565	K02557
Pm92_000567	K06949
Pm92_000568	K13288
Pm92_000570	K18979
Pm92_000573	K01448
Pm92_000574	K03572
Pm92_000575	K00791
Pm92_000577	K03665
Pm92_000578	K04088
Pm92_000579	K04087
Pm92_000580	K02502
Pm92_000581	K01939
Pm92_000582	K03406
Pm92_000583	K02011
Pm92_000584	K02012
Pm92_000587	K12573
Pm92_000588	K03218
Pm92_000589	K02990
Pm92_000590	K02963
Pm92_000592	K02939
Pm92_000593	K02314
Pm92_000602	K01916
Pm92_000603	K00763
Pm92_000607	K01999
Pm92_000610	K01995
Pm92_000611	K01996
Pm92_000612	K16066
Pm92_000622	K07290
Pm92_000623	K03594
Pm92_000624	K01046
Pm92_000629	K04046
Pm92_000633	K01428
Pm92_000635	K19113
Pm92_000639	K11963
Pm92_000641	K01998
Pm92_000641	K11961
Pm92_000643	K11959
Pm92_000645	K02015
Pm92_000646	K02016
Pm92_000647	K02013
Pm92_000648	K02014
Pm92_000650	K02014
Pm92_000652	K09796
Pm92_000655	K05895
Pm92_000656	K00595
Pm92_000656	K02191
Pm92_000657	K00366
Pm92_000657	K02229
Pm92_000658	K06042
Pm92_000659	K03394
Pm92_000660	K05934
Pm92_000660	K13540
Pm92_000660	K13541
Pm92_000662	K05595
Pm92_000663	K20972
Pm92_000664	K01945
Pm92_000664	K13713
Pm92_000665	K00602
Pm92_000666	K03557
Pm92_000667	K05540
Pm92_000669	K02687
Pm92_000670	K01961
Pm92_000671	K02160
Pm92_000672	K03786
Pm92_000676	K01823
Pm92_000677	K03113
Pm92_000678	K01585
Pm92_000680	K03327
Pm92_000681	K06894
Pm92_000683	K05367
Pm92_000691	K02278
Pm92_000695	K12511
Pm92_000696	K12510
Pm92_000697	K02283
Pm92_000698	K02282
Pm92_000699	K02280
Pm92_000706	K00059
Pm92_000707	K00626
Pm92_000708	K07178
Pm92_000719	K01488
Pm92_000719	K21053
Pm92_000720	K07300
Pm92_000721	K12960
Pm92_000721	K18456
Pm92_000723	K00560
Pm92_000724	K09017
Pm92_000734	K03808
Pm92_000735	K03808
Pm92_000736	K06192
Pm92_000741	K03789
Pm92_000748	K02106
Pm92_000754	K15726
Pm92_000762	K01921
Pm92_000779	K04058
Pm92_000780	K03230
Pm92_000801	K06942
Pm92_000802	K01056
Pm92_000803	K02897
Pm92_000804	K00948
Pm92_000806	K00919
Pm92_000807	K02494
Pm92_000809	K02492
Pm92_000810	K02835
Pm92_000811	K02493
Pm92_000812	K21029
Pm92_000814	K12976
Pm92_000817	K00574
Pm92_000818	K09701
Pm92_000819	K06954
Pm92_000822	K01669
Pm92_000823	K22491
Pm92_000828	K01772
Pm92_000830	K04691
Pm92_000830	K04772
Pm92_000832	K00957
Pm92_000833	K00955
Pm92_000833	K00956
Pm92_000835	K13788
Pm92_000837	K03775
Pm92_000838	K02968
Pm92_000839	K03980
Pm92_000840	K11753
Pm92_000841	K01870
Pm92_000842	K03101
Pm92_000843	K03774
Pm92_000845	K08084
Pm92_000850	K03153
Pm92_000851	K06950
Pm92_000852	K05807
Pm92_000853	K06180
Pm92_000854	K05810
Pm92_000860	K03885
Pm92_000865	K09862
Pm92_000866	K00859
Pm92_000867	K02464
Pm92_000867	K02654
Pm92_000868	K02653
Pm92_000875	K01447
Pm92_000875	K03806
Pm92_000876	K03807
Pm92_000881	K02768
Pm92_000881	K08483
Pm92_000881	K11183
Pm92_000881	K11189
Pm92_000882	K00882
Pm92_000882	K16370
Pm92_000883	K02768
Pm92_000883	K02769
Pm92_000883	K02770
Pm92_000885	K00380
Pm92_000889	K01581
Pm92_000889	K01586
Pm92_000890	K05847
Pm92_000892	K05845
Pm92_000893	K05846
Pm92_000894	K02837
Pm92_000897	K12372
Pm92_000897	K19230
Pm92_000898	K12371
Pm92_000898	K15583
Pm92_000899	K12370
Pm92_000900	K12369
Pm92_000900	K19227
Pm92_000901	K02035
Pm92_000901	K12368
Pm92_000903	K12368
Pm92_000904	K12368
Pm92_000905	K02035
Pm92_000905	K12368
Pm92_000907	K15011
Pm92_000908	K15012
Pm92_000909	K02471
Pm92_000911	K07018
Pm92_000913	K06916
Pm92_000918	K02871
Pm92_000919	K02996
Pm92_000920	K00411
Pm92_000921	K00412
Pm92_000922	K00413
Pm92_000923	K03599
Pm92_000924	K03600
Pm92_000932	K01079
Pm92_000935	K07088
Pm92_000936	K01607
Pm92_000937	K07301
Pm92_000938	K03642
Pm92_000939	K02434
Pm92_000940	K02433
Pm92_000941	K02435
Pm92_000942	K03569
Pm92_000943	K03570
Pm92_000944	K03571
Pm92_000950	K09889
Pm92_000957	K11189
Pm92_000958	K06958
Pm92_000961	K03092
Pm92_000962	K06861
Pm92_000964	K11719
Pm92_000965	K03270
Pm92_000966	K06041
Pm92_000967	K02065
Pm92_000968	K02066
Pm92_000969	K02067
Pm92_000970	K07323
Pm92_000971	K07122
Pm92_000973	K00790
Pm92_000974	K00765
Pm92_000975	K00013
Pm92_000976	K00817
Pm92_000977	K02824
Pm92_000977	K09016
Pm92_000978	K00761
Pm92_000983	K00116
Pm92_000986	K07286
Pm92_000993	K03406
Pm92_000996	K00564
Pm92_000997	K00018
Pm92_000999	K00666
Pm92_001002	K03556
Pm92_001003	K09857
Pm92_001004	K06192
Pm92_001010	K03271
Pm92_001010	K12961
Pm92_001011	K07460
Pm92_001012	K07121
Pm92_001013	K07056
Pm92_001016	K03438
Pm92_001017	K03586
Pm92_001018	K03587
Pm92_001019	K01928
Pm92_001020	K01929
Pm92_001021	K01000
Pm92_001022	K01925
Pm92_001023	K03588
Pm92_001024	K02563
Pm92_001025	K01924
Pm92_001026	K01921
Pm92_001027	K03589
Pm92_001028	K03590
Pm92_001029	K03531
Pm92_001030	K02535
Pm92_001037	K21133
Pm92_001038	K21135
Pm92_001040	K10014
Pm92_001044	K00090
Pm92_001056	K00971
Pm92_001056	K16011
Pm92_001057	K19296
Pm92_001058	K19295
Pm92_001059	K19294
Pm92_001060	K01729
Pm92_001061	K19293
Pm92_001062	K01795
Pm92_001063	K16081
Pm92_001064	K19292
Pm92_001065	K19291
Pm92_001066	K19290
Pm92_001067	K00012
Pm92_001067	K00066
Pm92_001068	K09861
Pm92_001073	K03635
Pm92_001074	K03732
Pm92_001075	K06999
Pm92_001076	K09969
Pm92_001077	K09970
Pm92_001079	K02028
Pm92_001079	K02029
Pm92_001079	K09972
Pm92_001083	K03449
Pm92_001096	K06893
Pm92_001097	K07461
Pm92_001100	K07259
Pm92_001102	K00451
Pm92_001104	K01800
Pm92_001104	K01801
Pm92_001104	K03599
Pm92_001111	K03837
Pm92_001112	K01752
Pm92_001118	K07165
Pm92_001124	K07165
Pm92_001126	K06899
Pm92_001127	K03530
Pm92_001128	K06970
Pm92_001129	K01873
Pm92_001131	K02339
Pm92_001132	K01255
Pm92_001133	K07091
Pm92_001134	K11720
Pm92_001135	K03596
Pm92_001136	K03100
Pm92_001137	K03685
Pm92_001138	K03595
Pm92_001140	K03474
Pm92_001142	K11991
Pm92_001143	K15257
Pm92_001144	K15256
Pm92_001156	K02055
Pm92_001162	K00117
Pm92_001162	K05358
Pm92_001181	K03293
Pm92_001188	K02482
Pm92_001190	K00428
Pm92_001195	K03576
Pm92_001205	K00823
Pm92_001209	K02481
Pm92_001209	K07714
Pm92_001210	K02442
Pm92_001211	K10126
Pm92_001211	K17061
Pm92_001212	K10125
Pm92_001212	K17060
Pm92_001213	K02028
Pm92_001213	K02029
Pm92_001213	K09972
Pm92_001213	K10004
Pm92_001213	K10010
Pm92_001214	K10002
Pm92_001215	K02029
Pm92_001215	K10003
Pm92_001216	K10001
Pm92_001217	K00111
Pm92_001218	K02444
Pm92_001219	K00864
Pm92_001220	K02440
Pm92_001221	K03976
Pm92_001222	K02010
Pm92_001225	K07390
Pm92_001226	K03594
Pm92_001228	K03386
Pm92_001229	K03683
Pm92_001230	K01465
Pm92_001232	K01940
Pm92_001236	K03616
Pm92_001237	K01874
Pm92_001238	K03593
Pm92_001239	K05524
Pm92_001240	K03555
Pm92_001260	K03791
Pm92_001262	K03743
Pm92_001267	K05812
Pm92_001269	K00901
Pm92_001271	K00528
Pm92_001274	K06182
Pm92_001275	K03827
Pm92_001276	K14441
Pm92_001278	K03549
Pm92_001282	K00316
Pm92_001283	K00137
Pm92_001292	K03406
Pm92_001292	K13487
Pm92_001293	K13488
Pm92_001294	K00575
Pm92_001294	K13486
Pm92_001295	K13489
Pm92_001296	K03407
Pm92_001296	K13490
Pm92_001297	K13491
Pm92_001298	K07315
Pm92_001298	K11444
Pm92_001299	K02836
Pm92_001299	K02836
Pm92_001300	K04567
Pm92_001311	K01595
Pm92_001312	K00939
Pm92_001313	K14742
Pm92_001326	K00631
Pm92_001327	K03704
Pm92_001329	K00563
Pm92_001330	K01439
Pm92_001332	K22132
Pm92_001333	K02426
Pm92_001333	K07125
Pm92_001334	K01766
Pm92_001335	K00674
Pm92_001336	K00537
Pm92_001337	K03316
Pm92_001338	K14261
Pm92_001338	K14267
Pm92_001339	K00990
Pm92_001341	K02967
Pm92_001342	K02357
Pm92_001343	K09903
Pm92_001344	K02838
Pm92_001345	K00806
Pm92_001346	K00981
Pm92_001347	K00099
Pm92_001348	K11749
Pm92_001349	K07277
Pm92_001350	K06142
Pm92_001351	K02536
Pm92_001352	K02372
Pm92_001353	K00677
Pm92_001354	K00748
Pm92_001355	K03470
Pm92_001356	K02337
Pm92_001357	K01962
Pm92_001358	K04075
Pm92_001359	K01937
Pm92_001360	K01627
Pm92_001361	K01689
Pm92_001362	K05589
Pm92_001363	K00991
Pm92_001368	K01770
Pm92_001369	K06176
Pm92_001370	K03787
Pm92_001371	K00573
Pm92_001372	K06194
Pm92_001372	K12943
Pm92_001373	K03087
Pm92_001374	K03704
Pm92_001375	K01494
Pm92_001377	K06953
Pm92_001378	K03724
Pm92_001379	K10017
Pm92_001380	K06987
Pm92_001382	K10016
Pm92_001382	K10024
Pm92_001383	K10013
Pm92_001383	K10014
Pm92_001384	K10747
Pm92_001385	K07577
Pm92_001386	K01434
Pm92_001386	K07116
Pm92_001393	K03286
Pm92_001397	K01219
Pm92_001400	K00275
Pm92_001402	K06077
Pm92_001403	K03313
Pm92_001405	K07137
Pm92_001406	K08985
Pm92_001411	K09930
Pm92_001413	K01996
Pm92_001414	K01995
Pm92_001415	K01998
Pm92_001416	K01997
Pm92_001421	K06940
Pm92_001423	K03580
Pm92_001427	K03566
Pm92_001429	K03306
Pm92_001429	K16322
Pm92_001433	K01039
Pm92_001438	K02625
Pm92_001438	K03761
Pm92_001439	K01857
Pm92_001440	K01055
Pm92_001441	K01607
Pm92_001449	K18139
Pm92_001450	K18138
Pm92_001459	K01657
Pm92_001459	K04781
Pm92_001461	K07782
Pm92_001461	K15852
Pm92_001461	K18099
Pm92_001461	K19734
Pm92_001465	K08682
Pm92_001466	K00655
Pm92_001473	K05349
Pm92_001474	K03744
Pm92_001475	K06872
Pm92_001477	K08988
Pm92_001480	K16087
Pm92_001481	K07165
Pm92_001482	K03088
Pm92_001491	K07749
Pm92_001494	K09936
Pm92_001496	K21253
Pm92_001496	K21264
Pm92_001496	K21265
Pm92_001498	K08995
Pm92_001509	K18100
Pm92_001512	K03406
Pm92_001522	K07794
Pm92_001523	K07795
Pm92_001524	K16140
Pm92_001525	K07774
Pm92_001526	K07649
Pm92_001527	K01915
Pm92_001528	K06980
Pm92_001529	K09159
Pm92_001531	K00278
Pm92_001532	K03088
Pm92_001534	K03598
Pm92_001535	K04771
Pm92_001537	K04085
Pm92_001538	K03548
Pm92_001539	K03564
Pm92_001540	K03567
Pm92_001541	K01714
Pm92_001542	K07287
Pm92_001544	K01923
Pm92_001551	K03406
Pm92_001554	K02020
Pm92_001554	K22003
Pm92_001559	K13874
Pm92_001559	K14274
Pm92_001563	K18297
Pm92_001564	K01826
Pm92_001566	K03449
Pm92_001579	K01713
Pm92_001580	K01915
Pm92_001582	K03684
Pm92_001583	K09902
Pm92_001586	K09160
Pm92_001595	K01354
Pm92_001602	K01457
Pm92_001603	K09989
Pm92_001606	K01738
Pm92_001607	K12979
Pm92_001608	K01681
Pm92_001608	K20455
Pm92_001611	K03327
Pm92_001612	K03473
Pm92_001616	K15738
Pm92_001620	K00632
Pm92_001622	K03168
Pm92_001628	K01207
Pm92_001629	K08282
Pm92_001631	K03723
Pm92_001632	K00134
Pm92_001634	K00322
Pm92_001635	K01126
Pm92_001637	K09808
Pm92_001638	K09810
Pm92_001639	K09808
Pm92_001640	K07644
Pm92_001646	K04754
Pm92_001648	K02485
Pm92_001648	K07315
Pm92_001650	K00616
Pm92_001683	K06134
Pm92_001710	K15634
Pm92_001712	K07313
Pm92_001713	K07313
Pm92_001744	K08156
Pm92_001744	K18567
Pm92_001744	K19577
Pm92_001745	K07677
Pm92_001755	K00116
Pm92_001761	K06966
Pm92_001762	K12979
Pm92_001763	K00209
Pm92_001771	K01259
Pm92_001771	K18457
Pm92_001773	K01259
Pm92_001774	K02033
Pm92_001775	K02034
Pm92_001777	K02032
Pm92_001778	K02035
Pm92_001780	K01091
Pm92_001780	K22292
Pm92_001781	K00568
Pm92_001783	K08963
Pm92_001784	K02469
Pm92_001786	K14170
Pm92_001787	K00817
Pm92_001788	K00210
Pm92_001788	K00220
Pm92_001788	K00800
Pm92_001789	K00945
Pm92_001790	K02945
Pm92_001797	K03328
Pm92_001800	K21367
Pm92_001801	K00971
Pm92_001801	K16011
Pm92_001802	K21366
Pm92_001806	K13007
Pm92_001813	K02237
Pm92_001818	K16238
Pm92_001820	K01546
Pm92_001822	K01548
Pm92_001823	K07646
Pm92_001824	K07667
Pm92_001836	K03424
Pm92_001837	K18691
Pm92_001845	K02004
Pm92_001847	K10804
Pm92_001849	K16291
Pm92_001849	K19234
Pm92_001849	K19235
Pm92_001849	K19236
Pm92_001852	K01626
Pm92_001858	K13634
Pm92_001862	K02356
Pm92_001871	K01626
Pm92_001872	K00797
Pm92_001874	K05592
Pm92_001878	K14260
Pm92_001882	K20973
Pm92_001883	K06923
Pm92_001884	K08968
Pm92_001885	K07679
Pm92_001886	K07690
Pm92_001888	K01129
Pm92_001893	K03320
Pm92_001894	K03455
Pm92_001899	K03752
Pm92_001901	K03750
Pm92_001902	K04061
Pm92_001904	K02193
Pm92_001905	K02194
Pm92_001906	K02195
Pm92_001908	K02197
Pm92_001909	K02198
Pm92_001910	K02199
Pm92_001911	K02200
Pm92_001912	K02200
Pm92_001915	K08167
Pm92_001916	K04517
Pm92_001917	K13950
Pm92_001920	K02493
Pm92_001939	K01406
Pm92_001942	K02048
Pm92_001943	K10716
Pm92_001945	K00873
Pm92_001946	K11529
Pm92_001951	K09017
Pm92_001952	K09781
Pm92_001954	K04754
Pm92_001957	K01210
Pm92_001958	K02002
Pm92_001960	K14393
Pm92_001961	K01647
Pm92_001962	K00241
Pm92_001963	K00242
Pm92_001964	K00239
Pm92_001965	K00240
Pm92_001966	K00164
Pm92_001967	K00658
Pm92_001968	K00382
Pm92_001969	K01903
Pm92_001969	K14067
Pm92_001970	K01902
Pm92_001971	K03311
Pm92_001978	K06911
Pm92_001979	K07397
Pm92_001981	K00647
Pm92_001982	K01716
Pm92_001983	K20974
Pm92_001985	K02014
Pm92_001995	K02484
Pm92_001997	K01591
Pm92_001998	K07119
Pm92_002001	K03406
Pm92_002008	K01270
Pm92_002009	K01270
Pm92_002013	K06445
Pm92_002015	K00799
Pm92_002016	K01990
Pm92_002017	K01992
Pm92_002023	K11741
Pm92_002024	K03453
Pm92_002025	K03554
Pm92_002031	K06978
Pm92_002035	K03773
Pm92_002040	K03797
Pm92_002041	K00344
Pm92_002043	K02010
Pm92_002043	K02052
Pm92_002044	K02053
Pm92_002045	K02054
Pm92_002047	K02055
Pm92_002048	K03710
Pm92_002050	K09816
Pm92_002051	K09817
Pm92_002052	K09815
Pm92_002057	K01703
Pm92_002058	K01704
Pm92_002059	K16135
Pm92_002060	K01561
Pm92_002063	K06714
Pm92_002069	K01262
Pm92_002077	K05515
Pm92_002080	K02336
Pm92_002082	K11208
Pm92_002084	K21005
Pm92_002085	K21004
Pm92_002086	K21003
Pm92_002087	K21002
Pm92_002088	K21001
Pm92_002089	K21000
Pm92_002090	K20999
Pm92_002091	K20998
Pm92_002092	K20987
Pm92_002093	K12992
Pm92_002094	K00971
Pm92_002094	K16011
Pm92_002095	K20997
Pm92_002102	K00034
Pm92_002103	K01838
Pm92_002110	K00860
Pm92_002110	K00955
Pm92_002116	K11904
Pm92_002120	K01485
Pm92_002122	K10974
Pm92_002127	K01737
Pm92_002133	K03406
Pm92_002135	K03406
Pm92_002136	K08303
Pm92_002144	K09915
Pm92_002145	K09983
Pm92_002146	K07862
Pm92_002148	K03717
Pm92_002152	K11209
Pm92_002169	K01915
Pm92_002183	K01531
Pm92_002183	K12955
Pm92_002184	K07507
Pm92_002188	K06222
Pm92_002189	K01626
Pm92_002195	K03703
Pm92_002196	K00995
Pm92_002196	K08744
Pm92_002210	K00666
Pm92_002220	K03293
Pm92_002220	K11735
Pm92_002221	K21826
Pm92_002224	K18195
Pm92_002226	K19713
Pm92_002227	K07303
Pm92_002228	K07302
Pm92_002245	K01706
Pm92_002246	K01895
Pm92_002251	K03406
Pm92_002256	K10543
Pm92_002257	K01805
Pm92_002258	K02529
Pm92_002280	K00265
Pm92_002280	K22083
Pm92_002281	K03320
Pm92_002284	K00605
Pm92_002286	K01433
Pm92_002291	K07673
Pm92_002300	K01515
Pm92_002309	K03299
Pm92_002310	K01816
Pm92_002310	K22131
Pm92_002312	K03406
Pm92_002313	K08994
Pm92_002316	K07095
Pm92_002324	K13877
Pm92_002326	K10537
Pm92_002327	K10441
Pm92_002327	K10539
Pm92_002328	K10440
Pm92_002328	K10538
Pm92_002336	K11209
Pm92_002337	K17213
Pm92_002342	K02529
Pm92_002347	K06153
Pm92_002352	K10680
Pm92_002360	K13979
Pm92_002367	K02459
Pm92_002376	K02454
Pm92_002388	K01802
Pm92_002393	K02228
Pm92_002394	K06999
Pm92_002396	K03455
Pm92_002396	K11745
Pm92_002396	K11747
Pm92_002400	K01953
Pm92_002402	K20036
Pm92_002405	K03322
Pm92_002418	K05517
Pm92_002420	K10227
Pm92_002428	K10815
Pm92_002432	K02010
Pm92_002432	K02052
Pm92_002432	K11072
Pm92_002458	K02014
Pm92_002458	K16088
Pm92_002459	K06160
Pm92_002462	K04127
Pm92_002463	K01273
Pm92_002465	K15659
Pm92_002466	K15660
Pm92_002467	K13888
Pm92_002468	K05685
Pm92_002470	K01739
Pm92_002470	K01761
Pm92_002473	K02014
Pm92_002474	K04033
Pm92_002475	K02055
Pm92_002475	K11073
Pm92_002476	K09471
Pm92_002486	K03338
Pm92_002490	K03336
Pm92_002491	K00010
Pm92_002495	K10441
Pm92_002495	K10545
Pm92_002495	K17215
Pm92_002496	K17214
Pm92_002497	K06204
Pm92_002498	K03406
Pm92_002498	K05875
Pm92_002503	K02002
Pm92_002504	K02014
Pm92_002527	K04774
Pm92_002539	K00874
Pm92_002540	K03769
Pm92_002542	K01907
Pm92_002543	K00019
Pm92_002545	K11914
Pm92_002546	K13896
Pm92_002547	K13895
Pm92_002548	K13894
Pm92_002549	K02035
Pm92_002549	K13893
Pm92_002550	K03769
Pm92_002551	K13896
Pm92_002552	K13895
Pm92_002553	K13894
Pm92_002554	K02035
Pm92_002554	K13893
Pm92_002555	K13893
Pm92_002556	K08307
Pm92_002557	K01069
Pm92_002559	K03469
Pm92_002560	K02342
Pm92_002560	K14159
Pm92_002561	K01582
Pm92_002561	K01584
Pm92_002566	K19784
Pm92_002567	K00156
Pm92_002567	K00158
Pm92_002571	K00381
Pm92_002573	K13791
Pm92_002573	K15353
Pm92_002575	K00548
Pm92_002578	K05936
Pm92_002579	K02189
Pm92_002582	K02234
Pm92_002583	K02230
Pm92_002584	K03404
Pm92_002584	K03405
Pm92_002585	K13580
Pm92_002586	K09977
Pm92_002587	K00858
Pm92_002589	K13525
Pm92_002592	K09916
Pm92_002594	K01256
Pm92_002597	K06916
Pm92_002600	K16088
Pm92_002603	K00033
Pm92_002604	K00036
Pm92_002607	K18219
Pm92_002622	K03458
Pm92_002622	K16345
Pm92_002622	K16346
Pm92_002624	K00032
Pm92_002624	K00090
Pm92_002626	K00874
Pm92_002626	K11441
Pm92_002632	K03296
Pm92_002632	K18138
Pm92_002633	K03585
Pm92_002633	K18145
Pm92_002634	K02483
Pm92_002635	K02484
Pm92_002637	K03088
Pm92_002640	K07090
Pm92_002651	K00847
Pm92_002652	K00854
Pm92_002652	K19168
Pm92_002653	K00040
Pm92_002653	K00045
Pm92_002653	K00854
Pm92_002660	K11065
Pm92_002661	K07799
Pm92_002661	K21135
Pm92_002662	K07788
Pm92_002663	K07789
Pm92_002666	K21023
Pm92_002671	K07507
Pm92_002673	K16147
Pm92_002674	K05341
Pm92_002674	K05343
Pm92_002675	K00700
Pm92_002686	K00800
Pm92_002687	K07039
Pm92_002688	K01692
Pm92_002689	K03426
Pm92_002690	K07090
Pm92_002692	K01004
Pm92_002693	K06969
Pm92_002694	K06938
Pm92_002703	K15553
Pm92_002705	K00842
Pm92_002705	K14155
Pm92_002714	K18030
Pm92_002715	K22294
Pm92_002716	K00681
Pm92_002718	K03811
Pm92_002719	K03406
Pm92_002732	K12979
Pm92_002733	K01971
Pm92_002734	K10979
Pm92_002736	K21430
Pm92_002739	K00998
Pm92_002740	K07224
Pm92_002741	K16301
Pm92_002748	K18300
Pm92_002749	K18299
Pm92_002750	K18298
Pm92_002757	K02479
Pm92_002757	K07684
Pm92_002760	K02014
Pm92_002762	K01999
Pm92_002763	K02031
Pm92_002763	K02032
Pm92_002763	K13896
Pm92_002766	K02035
Pm92_002767	K02014
Pm92_002783	K06599
Pm92_002784	K03741
Pm92_002785	K03893
Pm92_002792	K03168
Pm92_002793	K02017
Pm92_002794	K02018
Pm92_002800	K03919
Pm92_002809	K00963
Pm92_002821	K00457
Pm92_002822	K05786
Pm92_002827	K02647
Pm92_002833	K03825
Pm92_002834	K01779
Pm92_002836	K00404
Pm92_002842	K00575
Pm92_002843	K03412
Pm92_002846	K19615
Pm92_002848	K08482
Pm92_002854	K01692
Pm92_002857	K07168
Pm92_002860	K00012
Pm92_002861	K12963
Pm92_002862	K12962
Pm92_002863	K07264
Pm92_002864	K13014
Pm92_002865	K01784
Pm92_002865	K10011
Pm92_002870	K07552
Pm92_002880	K01915
Pm92_002890	K07642
Pm92_002890	K18143
Pm92_002907	K03406
Pm92_002908	K08167
Pm92_002911	K00823
Pm92_002913	K12262
Pm92_002919	K01003
Pm92_002925	K08303
Pm92_002929	K00854
Pm92_002930	K02529
Pm92_002932	K10440
Pm92_002933	K10441
Pm92_002933	K10545
Pm92_002933	K17215
Pm92_002940	K02483
Pm92_002940	K07666
Pm92_002941	K02484
Pm92_002941	K07645
Pm92_002955	K12538
Pm92_002956	K02022
Pm92_002956	K12537
Pm92_002957	K06148
Pm92_002957	K12536
Pm92_002959	K01406
Pm92_002960	K01266
Pm92_002963	K11073
Pm92_002969	K06911
Pm92_002970	K01835
Pm92_002974	K18297
Pm92_002990	K16137
Pm92_002998	K11102
Pm92_002999	K06991
Pm92_003001	K00163
Pm92_003002	K00059
Pm92_003002	K18337
Pm92_003003	K00102
Pm92_003004	K05921
Pm92_003004	K16856
Pm92_003004	K18336
Pm92_003005	K07107
Pm92_003007	K09458
Pm92_003016	K01426
Pm92_003022	K01895
Pm92_003026	K00836
Pm92_003035	K06160
Pm92_003036	K13255
Pm92_003037	K02471
Pm92_003040	K02455
Pm92_003041	K02454
Pm92_003042	K02453
Pm92_003043	K02462
Pm92_003044	K02461
Pm92_003045	K02460
Pm92_003046	K02456
Pm92_003047	K02458
Pm92_003048	K02452
Pm92_003049	K02457
Pm92_003050	K02459
Pm92_003056	K15125
Pm92_003068	K06147
Pm92_003068	K06148
Pm92_003076	K04033
Pm92_003086	K02510
Pm92_003088	K09471
Pm92_003105	K11475
Pm92_003122	K09020
Pm92_003125	K02036
Pm92_003126	K02038
Pm92_003127	K02037
Pm92_003128	K02040
Pm92_003129	K22468
Pm92_003134	K12658
Pm92_003136	K13877
Pm92_003137	K21060
Pm92_003151	K07116
Pm92_003156	K03406
Pm92_003162	K00703
Pm92_003163	K00700
Pm92_003163	K01236
Pm92_003164	K00705
Pm92_003164	K06044
Pm92_003165	K06044
Pm92_003167	K01200
Pm92_003167	K01214
Pm92_003173	K03293
Pm92_003173	K11737
Pm92_003177	K03406
Pm92_003181	K03762
Pm92_003183	K06996
Pm92_003188	K03406
Pm92_003188	K05874
Pm92_003193	K06996
Pm92_003208	K01714
Pm92_003209	K01697
Pm92_003209	K01738
Pm92_003210	K01758
Pm92_003210	K01760
Pm92_003211	K09136
Pm92_003212	K03776
Pm92_003221	K01998
Pm92_003222	K01999
Pm92_003224	K00362
Pm92_003225	K00372
Pm92_003225	K00380
Pm92_003226	K03406
Pm92_003227	K07076
Pm92_003229	K13281
Pm92_003237	K03762
Pm92_003240	K06889
Pm92_003245	K08223
Pm92_003251	K01426
Pm92_003252	K07052
Pm92_003261	K01061
Pm92_003265	K11690
Pm92_003267	K11688
Pm92_003271	K00249
Pm92_003277	K03924
Pm92_003279	K02484
Pm92_003279	K18072
Pm92_003280	K02483
Pm92_003280	K07661
Pm92_003280	K18073
Pm92_003282	K06169
Pm92_003284	K06938
Pm92_003285	K01682
Pm92_003286	K03837
Pm92_003300	K15371
Pm92_003302	K03924
Pm92_003305	K07114
Pm92_003306	K07114
Pm92_003308	K03547
Pm92_003309	K03546
Pm92_003310	K00799
Pm92_003315	K07003
Pm92_003318	K01897
Pm92_003335	K08282
Pm92_003335	K11916
Pm92_003335	K12132
Pm92_003336	K11915
Pm92_003337	K11891
Pm92_003339	K11893
Pm92_003341	K11894
Pm92_003345	K11895
Pm92_003346	K11896
Pm92_003350	K11910
Pm92_003351	K11903
Pm92_003354	K06872
Pm92_003355	K19707
Pm92_003356	K07315
Pm92_003359	K21470
Pm92_003371	K00549
Pm92_003375	K02052
Pm92_003378	K02055
Pm92_003380	K13747
Pm92_003381	K00290
Pm92_003381	K13746
Pm92_003384	K02029
Pm92_003388	K01425
Pm92_003393	K01166
Pm92_003400	K00615
Pm92_003401	K03701
Pm92_003411	K06889
Pm92_003412	K00101
Pm92_003416	K05520
Pm92_003420	K02495
Pm92_003421	K09943
Pm92_003424	K07152
Pm92_003425	K09796
Pm92_003433	K07165
Pm92_003442	K02483
Pm92_003450	K01295
Pm92_003451	K18968
Pm92_003452	K05834
Pm92_003454	K02483
Pm92_003467	K03208
Pm92_003469	K01711
Pm92_003477	K00012
Pm92_003478	K16692
Pm92_003482	K12977
Pm92_003482	K12978
Pm92_003506	K07506
Pm92_003520	K15553
Pm92_003530	K00616
Pm92_003532	K03445
Pm92_003532	K08159
Pm92_003537	K02051
Pm92_003539	K17321
Pm92_003543	K17325
Pm92_003544	K17324
Pm92_003545	K21405
Pm92_003548	K02014
Pm92_003566	K00075
Pm92_003567	K01104
Pm92_003568	K00979
Pm92_003573	K02238
Pm92_003574	K09928
Pm92_003576	K07678
Pm92_003579	K03668
Pm92_003581	K00537
Pm92_003582	K03809
Pm92_003585	K14058
Pm92_003589	K07235
Pm92_003594	K07393
Pm92_003595	K02302
Pm92_003595	K02303
Pm92_003596	K01875
Pm92_003597	K06199
Pm92_003598	K07478
Pm92_003599	K03634
Pm92_003600	K03466
Pm92_003601	K00684
Pm92_003603	K02518
Pm92_003606	K03704
Pm92_003607	K00031
Pm92_003608	K00031
Pm92_003610	K00566
Pm92_003611	K07153
Pm92_003612	K01756
Pm92_003613	K18850
Pm92_003617	K00330
Pm92_003618	K00331
Pm92_003619	K13378
Pm92_003620	K00334
Pm92_003621	K00335
Pm92_003622	K00336
Pm92_003623	K00337
Pm92_003624	K00338
Pm92_003625	K00339
Pm92_003627	K00341
Pm92_003628	K00342
Pm92_003629	K00343
Pm92_003633	K00675
Pm92_003639	K08167
Pm92_003639	K08169
Pm92_003642	K07223
Pm92_003647	K02004
Pm92_003651	K01996
Pm92_003652	K01999
Pm92_003657	K20938
Pm92_003662	K05559
Pm92_003663	K05560
Pm92_003664	K05561
Pm92_003665	K05562
Pm92_003667	K05564
Pm92_003668	K00287
Pm92_003668	K18589
Pm92_003669	K01883
Pm92_003670	K01886
Pm92_003671	K03768
Pm92_003672	K03269
Pm92_003677	K09800
Pm92_003678	K07278
Pm92_003680	K01142
Pm92_003690	K01968
Pm92_003694	K12262
Pm92_003695	K03781
Pm92_003699	K07347
Pm92_003700	K07346
Pm92_003705	K06916
Pm92_003711	K12262
Pm92_003712	K01505
Pm92_003713	K00219
Pm92_003723	K03770
Pm92_003724	K03530
Pm92_003728	K03545
Pm92_003733	K01491
Pm92_003734	K07262
Pm92_003742	K06016
Pm92_003743	K03457
Pm92_003744	K01464
Pm92_003745	K17722
Pm92_003746	K17723
Pm92_003747	K09017
Pm92_003748	K07156
Pm92_003749	K07245
Pm92_003756	K01785
Pm92_003757	K03543
Pm92_003760	K07090
Pm92_003761	K17218
Pm92_003764	K03719
Pm92_003769	K00826
Pm92_003776	K10531
Pm92_003778	K02005
Pm92_003778	K13888
Pm92_003779	K05685
Pm92_003783	K01999
Pm92_003789	K02433
Pm92_003791	K02529
Pm92_003796	K10441
Pm92_003796	K10545
Pm92_003796	K17215
Pm92_003802	K02004
Pm92_003803	K02003
Pm92_003805	K07264
Pm92_003807	K02056
Pm92_003807	K10441
Pm92_003807	K10539
Pm92_003807	K10545
Pm92_003807	K17215
Pm92_003808	K15658
Pm92_003809	K20330
Pm92_003810	K18139
Pm92_003811	K07006
Pm92_003812	K02069
Pm92_003813	K02068
Pm92_003816	K02030
Pm92_003817	K02028
Pm92_003817	K02029
Pm92_003817	K09972
Pm92_003817	K10004
Pm92_003817	K10010
Pm92_003819	K02029
Pm92_003825	K01961
Pm92_003827	K19338
Pm92_003837	K07250
Pm92_003837	K14268
Pm92_003838	K12972
Pm92_003842	K00303
Pm92_003842	K21061
Pm92_003843	K10815
Pm92_003845	K02031
Pm92_003845	K02032
Pm92_003846	K02034
Pm92_003847	K02033
Pm92_003848	K02035
Pm92_003854	K19967
Pm92_003854	K20757
Pm92_003857	K00128
Pm92_003857	K19700
Pm92_003871	K02453
Pm92_003875	K02460
Pm92_003876	K02459
Pm92_003877	K02458
Pm92_003878	K02457
Pm92_003879	K02456
Pm92_003880	K02455
Pm92_003881	K02454
Pm92_003886	K02014
Pm92_003889	K02013
Pm92_003890	K02015
Pm92_003899	K02030
Pm92_003903	K02483
Pm92_003903	K07662
Pm92_003942	K03406
Pm92_003968	K01915
Pm92_003994	K03111
Pm92_004007	K12071
Pm92_004012	K02054
Pm92_004018	K02055
Pm92_004025	K00626
Pm92_004026	K01873
Pm92_004088	K03657
Pm92_004089	K07459
Pm92_004111	K03791
Pm92_004119	K01174
Pm92_004175	K01890
Pm92_004176	K01889
Pm92_004177	K02887
Pm92_004178	K02916
Pm92_004180	K01868
Pm92_004182	K03704
Pm92_004186	K01239
Pm92_004186	K01250
Pm92_004187	K06726
Pm92_004189	K02529
Pm92_004189	K03604
Pm92_004190	K10440
Pm92_004192	K10439
Pm92_004193	K01424
Pm92_004193	K05597
Pm92_004197	K03563
Pm92_004200	K19270
Pm92_004204	K02484
Pm92_004204	K07644
Pm92_004213	K09471
Pm92_004221	K03749
Pm92_004222	K11754
Pm92_004223	K01963
Pm92_004224	K01817
Pm92_004225	K06173
Pm92_004226	K08086
Pm92_004227	K00133
Pm92_004228	K00133
Pm92_004248	K00832
Pm92_004256	K01173
Pm92_004258	K02016
Pm92_004259	K02015
Pm92_004260	K02013
Pm92_004267	K05770
Pm92_004268	K09962
Pm92_004298	K00799
Pm92_004302	K03406
Pm92_004320	K07222
Pm92_004325	K07112
Pm92_004329	K07315
Pm92_004353	K00101
Pm92_004357	K06147
Pm92_004357	K06148
Pm92_004358	K07396
Pm92_004359	K07146
Pm92_004360	K05527
Pm92_004361	K09924
Pm92_004362	K01679
Pm92_004366	K15461
Pm92_004367	K13791
Pm92_004367	K15353
Pm92_004368	K01953
Pm92_004371	K09898
Pm92_004372	K03563
Pm92_004378	K06867
Pm92_004379	K02182
Pm92_004379	K13776
Pm92_004381	K07782
Pm92_004381	K15852
Pm92_004382	K08967
Pm92_004383	K05820
Pm92_004384	K01736
Pm92_004391	K01495
Pm92_004400	K06901
Pm92_004404	K07127
Pm92_004408	K01483
Pm92_004413	K07001
Pm92_004414	K02517
Pm92_004414	K12974
Pm92_004415	K03610
Pm92_004416	K03609
Pm92_004417	K03608
Pm92_004419	K01267
Pm92_004421	K22044
Pm92_004422	K01436
Pm92_004423	K05375
Pm92_004424	K00836
Pm92_004426	K02484
Pm92_004428	K04084
Pm92_004430	K03805
Pm92_004443	K01968
Pm92_004443	K13777
Pm92_004445	K09913
Pm92_004446	K07140
Pm92_004450	K14979
Pm92_004453	K03408
Pm92_004454	K03408
Pm92_004455	K03496
Pm92_004456	K02557
Pm92_004457	K02556
Pm92_004458	K03412
Pm92_004459	K03407
Pm92_004460	K03414
Pm92_004461	K03413
Pm92_004462	K02405
Pm92_004463	K04562
Pm92_004464	K02404
Pm92_004465	K02400
Pm92_004469	K02401
Pm92_004470	K02421
Pm92_004471	K02420
Pm92_004472	K02419
Pm92_004473	K02418
Pm92_004474	K02417
Pm92_004475	K02416
Pm92_004476	K02415
Pm92_004477	K02414
Pm92_004479	K20977
Pm92_004480	K20978
Pm92_004481	K02413
Pm92_004482	K02412
Pm92_004483	K02411
Pm92_004484	K02410
Pm92_004485	K02409
Pm92_004486	K02408
Pm92_004487	K10943
Pm92_004488	K10942
Pm92_004489	K10941
Pm92_004492	K02407
Pm92_004493	K06603
Pm92_004494	K02406
Pm92_004495	K00648
Pm92_004495	K22317
Pm92_004496	K02397
Pm92_004497	K02396
Pm92_004498	K02395
Pm92_004499	K02394
Pm92_004500	K02393
Pm92_004501	K02392
Pm92_004502	K02391
Pm92_004505	K01724
Pm92_004506	K00813
Pm92_004506	K00832
Pm92_004512	K07001
Pm92_004514	K03654
Pm92_004515	K07039
Pm92_004518	K09760
Pm92_004523	K06076
Pm92_004527	K02233
Pm92_004528	K02226
Pm92_004528	K15634
Pm92_004529	K00768
Pm92_004530	K02231
Pm92_004531	K02232
Pm92_004532	K00817
Pm92_004532	K02225
Pm92_004534	K04719
Pm92_004535	K02224
Pm92_004536	K19221
Pm92_004539	K13694
Pm92_004540	K10763
Pm92_004542	K09938
Pm92_004543	K01933
Pm92_004544	K11175
Pm92_004547	K09912
Pm92_004548	K04765
Pm92_004549	K00951
Pm92_004550	K03215
Pm92_004551	K12339
Pm92_004554	K01479
Pm92_004554	K01480
Pm92_004554	K12255
Pm92_004562	K03457
Pm92_004564	K00243
Pm92_004571	K16053
Pm92_004576	K01055
Pm92_004577	K01802
Pm92_004577	K03767
Pm92_004577	K03768
Pm92_004578	K18893
Pm92_004579	K09919
Pm92_004582	K03088
Pm92_004583	K16872
Pm92_004584	K03578
Pm92_004588	K00906
Pm92_004589	K03406
Pm92_004591	K07052
Pm92_004594	K00404
Pm92_004595	K00405
Pm92_004597	K00406
Pm92_004598	K00404
Pm92_004599	K00405
Pm92_004600	K00407
Pm92_004601	K00406
Pm92_004603	K09926
Pm92_004604	K01533
Pm92_004606	K09792
Pm92_004607	K02495
Pm92_004609	K01420
Pm92_004613	K06187
Pm92_004614	K07119
Pm92_004615	K09747
Pm92_004616	K02343
Pm92_004617	K02030
Pm92_004646	K01972
Pm92_004647	K03528
Pm92_004648	K03529
Pm92_004651	K13482
Pm92_004655	K05782
Pm92_004656	K09923
Pm92_004657	K07259
Pm92_004659	K12297
Pm92_004660	K03812
Pm92_004661	K00254
Pm92_004664	K22504
Pm92_004665	K15576
Pm92_004665	K22067
Pm92_004666	K07183
Pm92_004670	K03286
Pm92_004671	K03088
Pm92_004674	K16074
Pm92_004675	K02553
Pm92_004677	K01007
Pm92_004678	K09773
Pm92_004680	K07790
Pm92_004681	K21029
Pm92_004681	K21147
Pm92_004682	K01738
Pm92_004683	K00640
Pm92_004684	K07050
Pm92_004685	K01720
Pm92_004686	K09788
Pm92_004694	K01665
Pm92_004699	K00390
Pm92_004704	K17623
Pm92_004714	K02471
Pm92_004716	K06147
Pm92_004716	K13409
Pm92_004717	K13408
Pm92_004723	K00655
Pm92_004724	K03284
Pm92_004726	K01782
Pm92_004727	K00626
Pm92_004727	K00632
Pm92_004735	K06940
Pm92_004741	K03522
Pm92_004742	K03521
Pm92_004743	K00311
Pm92_004745	K13979
Pm92_004748	K10441
Pm92_004748	K10539
Pm92_004751	K00657
Pm92_004762	K03424
Pm92_004763	K02341
Pm92_004764	K00943
Pm92_004765	K07082
Pm92_004766	K02619
Pm92_004767	K09458
Pm92_004768	K02078
Pm92_004769	K00059
Pm92_004770	K00645
Pm92_004771	K03621
Pm92_004772	K02911
Pm92_004773	K07040
Pm92_004774	K06287
Pm92_004775	K04773
Pm92_004776	K01091
Pm92_004777	K06179
Pm92_004778	K08300
Pm92_004781	K11103
Pm92_004786	K02362
Pm92_004787	K07639
Pm92_004791	K02390
Pm92_004792	K02389
Pm92_004793	K02388
Pm92_004794	K02387
Pm92_004795	K00575
Pm92_004797	K02386
Pm92_004810	K03563
Pm92_004811	K00928
Pm92_004812	K01872
Pm92_004814	K00794
Pm92_004815	K05526
Pm92_004817	K01484
Pm92_004818	K06447
Pm92_004819	K00673
Pm92_004823	K21825
Pm92_004823	K21826
Pm92_004824	K10025
Pm92_004825	K06987
Pm92_004826	K10015
Pm92_004826	K10023
Pm92_004828	K09997
Pm92_004828	K10022
Pm92_004831	K00526
Pm92_004851	K03406
Pm92_004857	K01126
Pm92_004862	K03306
Pm92_004862	K16322
Pm92_004863	K01457
Pm92_004871	K03088
Pm92_004880	K03299
Pm92_004881	K00851
Pm92_004882	K06145
Pm92_004882	K06146
Pm92_004886	K18981
Pm92_004887	K08369
Pm92_004890	K03406
Pm92_004895	K01462
Pm92_004896	K07058
Pm92_004899	K01897
Pm92_004900	K01897
Pm92_004910	K01792
Pm92_004911	K07267
Pm92_004912	K10112
Pm92_004913	K17317
Pm92_004914	K17316
Pm92_004915	K17315
Pm92_004916	K18479
Pm92_004923	K06895
Pm92_004924	K04564
Pm92_004927	K07231
Pm92_004929	K03498
Pm92_004934	K15034
Pm92_004937	K03293
Pm92_004937	K11732
Pm92_004937	K11734
Pm92_004940	K06178
Pm92_004941	K06938
Pm92_004942	K06024
Pm92_004943	K05896
Pm92_004945	K07053
Pm92_004946	K06190
Pm92_004947	K05527
Pm92_004947	K09780
Pm92_004949	K07662
Pm92_004953	K01247
Pm92_004953	K13529
Pm92_004957	K00611
Pm92_004957	K09065
Pm92_004958	K00926
Pm92_004960	K03721
Pm92_004961	K02437
Pm92_004962	K00281
Pm92_004962	K00283
Pm92_004965	K03704
Pm92_004967	K03517
Pm92_004971	K10026
Pm92_004973	K03640
Pm92_004974	K03641
Pm92_004975	K03646
Pm92_004976	K03560
Pm92_004977	K03562
Pm92_004978	K01075
Pm92_004978	K07107
Pm92_004979	K03551
Pm92_004980	K03550
Pm92_004981	K01159
Pm92_004983	K01876
Pm92_004986	K04047
Pm92_004987	K03704
Pm92_004988	K03745
Pm92_004990	K18093
Pm92_004991	K03442
Pm92_004992	K09767
Pm92_004995	K00798
Pm92_004996	K03574
Pm92_004997	K00620
Pm92_004998	K03070
Pm92_005003	K01433
Pm92_005005	K01141
Pm92_005010	K03924
Pm92_005014	K00873
Pm92_005017	K01676
Pm92_005018	K10125
Pm92_005019	K10126
Pm92_005020	K03761
Pm92_005026	K02483
Pm92_005027	K00845
Pm92_005032	K16087
Pm92_005032	K16089
Pm92_005033	K07215
Pm92_005034	K09790
Pm92_005035	K03406
Pm92_005038	K07338
Pm92_005039	K09947
Pm92_005040	K03585
Pm92_005041	K18138
Pm92_005042	K03585
Pm92_005043	K18138
Pm92_005057	K08218
Pm92_005058	K01881
Pm92_005063	K14205
Pm92_005065	K07462
Pm92_005067	K07749
Pm92_005071	K01733
Pm92_005072	K00003
Pm92_005072	K12524
Pm92_005073	K03981
Pm92_005075	K02884
Pm92_005076	K00554
Pm92_005077	K02860
Pm92_005078	K02959
Pm92_005079	K03106
Pm92_005083	K08289
Pm92_005084	K09125
Pm92_005093	K02768
Pm92_005093	K08483
Pm92_005093	K11183
Pm92_005093	K11189
Pm92_005094	K02778
Pm92_005094	K02779
Pm92_005094	K02803
Pm92_005094	K02804
Pm92_005098	K11022
Pm92_005099	K01952
Pm92_005100	K18691
Pm92_005102	K02768
Pm92_005102	K08483
Pm92_005102	K11183
Pm92_005102	K11189
Pm92_005106	K03486
Pm92_005107	K07154
Pm92_005108	K15773
Pm92_005109	K01951
Pm92_005110	K00088
Pm92_005112	K07090
Pm92_005114	K03601
Pm92_005116	K01649
Pm92_005117	K11206
Pm92_005117	K13566
Pm92_005118	K14287
Pm92_005119	K03977
Pm92_005120	K17713
Pm92_005122	K01892
Pm92_005123	K03526
Pm92_005124	K15539
Pm92_005125	K02656
Pm92_005126	K06941
Pm92_005127	K00940
Pm92_005129	K04755
Pm92_005130	K04044
Pm92_005136	K00640
Pm92_005137	K02533
Pm92_005137	K15396
Pm92_005138	K01092
Pm92_005140	K03074
Pm92_005141	K03072
Pm92_005142	K03210
Pm92_005143	K00773
Pm92_005144	K07568
Pm92_005148	K07733
Pm92_005162	K03411
Pm92_005163	K00575
Pm92_005164	K03408
Pm92_005165	K03406
Pm92_005165	K05874
Pm92_005166	K03407
Pm92_005168	K03413
Pm92_005169	K03406
Pm92_005184	K02484
Pm92_005184	K07645
Pm92_005201	K09969
Pm92_005202	K03566
Pm92_005208	K00817
Pm92_005209	K02257
Pm92_005210	K02300
Pm92_005211	K02299
Pm92_005212	K02274
Pm92_005212	K02298
Pm92_005213	K02297
Pm92_005214	K03611
Pm92_005229	K22491
Pm92_005230	K09932
Pm92_005232	K01495
Pm92_005234	K09948
Pm92_005236	K00384
Pm92_005236	K22345
Pm92_005237	K06203
Pm92_005240	K00432
Pm92_005241	K05805
Pm92_005242	K00931
Pm92_005243	K03979
Pm92_005244	K02899
Pm92_005245	K02888
Pm92_005247	K06193
Pm92_005250	K03406
Pm92_005254	K03299
Pm92_005256	K03321
Pm92_005267	K01856
Pm92_005270	K05599
Pm92_005270	K22443
Pm92_005273	K03293
Pm92_005273	K11732
Pm92_005273	K11734
Pm92_005276	K06995
Pm92_005288	K03581
Pm92_005289	K03582
Pm92_005290	K03583
Pm92_005298	K17103
Pm92_005299	K00053
Pm92_005301	K01652
Pm92_005302	K01790
Pm92_005304	K05365
Pm92_005305	K07028
Pm92_005307	K07343
Pm92_005308	K02013
Pm92_005309	K02015
Pm92_005310	K02016
Pm92_005314	K06204
Pm92_005315	K01894
Pm92_005319	K00970
Pm92_005320	K00950
Pm92_005321	K00606
Pm92_005322	K01918
Pm92_005323	K01810
Pm92_005324	K01895
Pm92_005326	K06969
Pm92_005328	K04065
Pm92_005329	K00962
Pm92_005330	K02956
Pm92_005331	K03177
Pm92_005332	K02834
Pm92_005333	K02519
Pm92_005334	K02600
Pm92_005335	K09748
Pm92_005338	K03075
Pm92_005339	K01803
Pm92_005341	K00796
Pm92_005344	K07574
Pm92_005346	K03624
Pm92_005347	K01955
Pm92_005348	K01956
Pm92_005354	K03711
Pm92_005355	K06186
Pm92_005356	K09801
Pm92_005358	K03664
Pm92_005360	K03303
Pm92_005379	K01156
Pm92_005383	K07733
Pm92_005393	K04770
Pm92_005398	K00262
Pm92_005399	K06020
Pm92_005402	K00600
Pm92_005405	K06200
Pm92_005409	K04485
Pm92_005411	K03781
Pm92_005412	K03282
Pm92_005417	K00426
Pm92_005418	K00425
Pm92_005420	K11177
Pm92_005421	K11178
Pm92_005422	K13483
Pm92_005424	K06901
Pm92_005425	K00557
Pm92_005428	K12538
Pm92_005429	K02022
Pm92_005429	K12537
Pm92_005430	K06148
Pm92_005430	K12536
Pm92_005431	K12545
Pm92_005432	K16152
Pm92_005433	K07165
Pm92_005434	K03088
Pm92_005436	K00014
Pm92_005438	K00457
Pm92_005439	K07783
Pm92_005439	K08191
Pm92_005442	K07054
Pm92_005448	K07007
Pm92_005449	K11927
Pm92_005455	K02342
Pm92_005460	K03579
Pm92_005462	K13283
Pm92_005464	K03719
Pm92_005466	K06178
Pm92_005466	K06181
Pm92_005468	K09456
Pm92_005470	K00941
Pm92_005471	K00788
Pm92_005472	K01845
Pm92_005473	K07126
Pm92_005475	K06168
Pm92_005478	K06189
Pm92_005479	K03820
Pm92_005482	K01869
Pm92_005483	K03643
Pm92_005484	K02340
Pm92_005486	K08305
Pm92_005487	K01297
Pm92_005488	K03644
Pm92_005489	K03801
Pm92_005490	K09158
Pm92_005491	K07258
Pm92_005492	K03642
Pm92_005493	K08305
Pm92_005494	K05837
Pm92_005495	K05515
Pm92_005496	K00783
Pm92_005497	K09710
Pm92_005498	K00969
Pm92_005498	K01488
Pm92_005499	K00147
Pm92_005501	K19302
Pm92_005505	K06518
Pm92_005511	K02558
Pm92_005513	K00128
Pm92_005513	K00138
Pm92_005516	K03736
Pm92_005518	K03975
Pm92_005519	K09933
Pm92_005520	K01507
Pm92_005531	K03602
Pm92_005532	K00795
Pm92_005532	K13789
Pm92_005533	K01662
Pm92_005534	K16092
Pm92_005535	K02016
Pm92_005535	K06858
Pm92_005537	K01497
Pm92_005539	K00946
Pm92_005540	K03625
Pm92_005541	K00794
Pm92_005542	K14652
Pm92_005543	K00793
Pm92_005544	K01498
Pm92_005544	K11752
Pm92_005545	K07738
Pm92_005551	K02003
Pm92_005552	K02004
Pm92_005553	K09950
Pm92_005554	K07275
Pm92_005555	K00067
Pm92_005556	K03724
Pm92_005557	K22044
Pm92_005560	K06131
Pm92_005561	K07027
Pm92_005562	K06889
Pm92_005568	K03111
Pm92_005570	K03701
Pm92_005571	K03594
Pm92_005573	K02879
Pm92_005574	K03040
Pm92_005575	K02986
Pm92_005576	K02948
Pm92_005577	K02952
Pm92_005578	K02919
Pm92_005579	K03076
Pm92_005580	K02876
Pm92_005581	K02907
Pm92_005582	K02988
Pm92_005583	K02881
Pm92_005584	K02933
Pm92_005585	K02994
Pm92_005586	K02954
Pm92_005587	K02931
Pm92_005588	K02895
Pm92_005589	K02874
Pm92_005590	K02961
Pm92_005591	K02904
Pm92_005592	K02878
Pm92_005593	K02982
Pm92_005594	K02890
Pm92_005595	K02965
Pm92_005596	K02886
Pm92_005597	K02892
Pm92_005598	K02926
Pm92_005599	K02906
Pm92_005600	K02946
Pm92_005601	K02358
Pm92_005602	K02355
Pm92_005603	K02992
Pm92_005604	K02950
Pm92_005605	K03046
Pm92_005606	K03043
Pm92_005607	K02935
Pm92_005608	K02864
Pm92_005609	K02863
Pm92_005610	K02867
Pm92_005611	K02601
Pm92_005612	K03073
Pm92_005619	K03524
Pm92_005625	K01866
Pm92_005627	K09001
Pm92_005629	K00145
Pm92_005630	K08973
Pm92_005631	K00459
Pm92_005633	K07124
Pm92_005634	K02503
Pm92_005635	K06134
Pm92_005636	K07397
Pm92_005637	K10914
Pm92_005639	K01609
Pm92_005640	K00766
Pm92_005641	K01658
Pm92_005641	K01664
Pm92_005642	K01657
Pm92_005643	K01091
Pm92_005644	K01783
Pm92_005645	K13954
Pm92_005645	K19954
Pm92_005646	K02053
Pm92_005648	K02055
Pm92_005656	K04744
Pm92_005657	K03771
Pm92_005658	K00097
Pm92_005659	K02528
Pm92_005660	K06195
Pm92_005661	K01525
Pm92_005662	K02439
Pm92_005667	K00950
Pm92_005668	K01633
Pm92_005669	K08591
Pm92_005670	K01409
Pm92_005671	K02970
Pm92_005673	K03086
Pm92_005677	K00466
Pm92_005684	K06139
Pm92_005687	K21757
Pm92_005694	K02169
Pm92_005696	K00652
Pm92_005697	K01012
Pm92_005699	K02019
Pm92_005700	K07093
Pm92_005704	K01638
Pm92_005706	K07182
Pm92_005707	K02342
Pm92_005709	K07165
Pm92_005717	K02028
Pm92_005717	K02029
Pm92_005717	K09972
Pm92_005717	K10004
Pm92_005717	K10010
Pm92_005721	K07641
Pm92_005721	K07711
Pm92_005722	K07663
Pm92_005727	K00148
Pm92_005728	K01433
Pm92_005730	K00302
Pm92_005731	K00304
Pm92_005732	K00303
Pm92_005733	K00600
Pm92_005737	K00466
Pm92_005740	K21832
Pm92_005741	K00479
Pm92_005742	K03521
Pm92_005747	K01273
Pm92_005757	K07107
Pm92_005759	K21826
Pm92_005762	K02002
Pm92_005764	K02000
Pm92_005765	K02168
Pm92_005766	K02167
Pm92_005767	K00130
Pm92_005768	K00108
Pm92_005769	K03568
Pm92_005774	K07007
Pm92_005776	K02030
Pm92_005779	K07043
Pm92_005783	K01624
Pm92_005786	K00927
Pm92_005787	K00134
Pm92_005787	K03472
Pm92_005788	K00615
Pm92_005790	K00789
Pm92_005792	K01972
Pm92_005797	K03316
Pm92_005801	K01251
Pm92_005802	K00297
Pm92_005804	K02030
Pm92_005805	K11927
Pm92_005807	K12262
Pm92_005809	K09761
Pm92_005812	K00285
Pm92_005827	K06598
Pm92_005828	K02487
Pm92_005828	K06596
Pm92_005829	K02660
Pm92_005830	K02659
Pm92_005832	K02657
Pm92_005832	K03413
Pm92_005833	K01920
Pm92_005836	K07447
Pm92_005839	K01465
Pm92_005839	K01466
Pm92_005841	K01183
Pm92_005841	K19303
Pm92_005842	K02669
Pm92_005846	K00641
Pm92_005852	K03439
Pm92_005853	K03149
Pm92_005856	K03814
Pm92_005857	K03089
Pm92_005858	K09811
Pm92_005859	K09812
Pm92_005860	K03110
Pm92_005861	K07263
Pm92_005862	K00960
Pm92_005862	K07263
Pm92_005863	K08316
Pm92_005864	K07019
Pm92_005865	K01011
Pm92_005870	K00954
Pm92_005872	K10563
Pm92_005874	K06969
Pm92_005876	K01687
Pm92_005881	K06956
Pm92_005888	K02012
Pm92_005889	K02011
Pm92_005890	K02010
Pm92_005890	K02052
Pm92_005895	K13292
Pm92_005896	K07090
Pm92_005898	K08484
Pm92_005899	K08311
Pm92_005902	K01754
Pm92_005903	K01807
Pm92_005907	K00104
Pm92_005908	K00058
Pm92_005910	K02424
Pm92_005912	K07394
Pm92_005914	K01048
Pm92_005920	K11074
Pm92_005921	K11075
Pm92_005922	K11076
Pm92_005923	K11073
Pm92_005924	K11073
Pm92_005931	K15555
Pm92_005935	K00299
Pm92_005938	K15551
Pm92_005939	K14682
Pm92_005941	K18446
Pm92_005942	K05800
Pm92_005946	K07340
Pm92_005950	K02437
Pm92_005951	K00605
Pm92_005952	K02011
Pm92_005953	K02012
Pm92_005954	K03184
Pm92_005954	K18800
Pm92_005956	K03185
Pm92_005956	K18800
Pm92_005957	K01262
Pm92_005958	K09895
Pm92_005959	K09892
Pm92_005960	K09888
Pm92_005962	K01934
Pm92_005965	K01993
Pm92_005966	K13926
Pm92_005967	K01992
Pm92_005968	K02415
Pm92_005969	K00344
Pm92_005972	K02014
Pm92_005974	K00523
Pm92_005974	K05368
Pm92_005975	K03182
Pm92_005977	K03628
Pm92_005978	K03671
Pm92_005979	K05799
Pm92_005983	K02028
Pm92_005988	K01524
Pm92_005989	K00937
Pm92_005990	K01698
Pm92_005994	K09768
Pm92_006003	K06158
Pm92_006007	K07740
Pm92_006008	K03611
Pm92_006009	K02498
Pm92_006010	K02496
Pm92_006010	K13543
Pm92_006011	K01719
Pm92_006012	K01749
Pm92_006013	K08083
Pm92_006015	K01755
Pm92_006016	K00799
Pm92_006019	K05851
Pm92_006020	K06140
Pm92_006022	K06202
Pm92_006024	K01586
Pm92_006025	K01778
Pm92_006026	K09921
Pm92_006027	K03733
Pm92_006028	K20862
Pm92_006032	K04751
Pm92_006032	K04752
Pm92_006036	K03406
Pm92_006038	K03327
Pm92_006040	K03656
Pm92_006040	K03657
Pm92_006041	K03816
Pm92_006045	K01775
Pm92_006048	K03719
Pm92_006049	K06940
Pm92_006053	K06132
Pm92_006055	K09472
Pm92_006055	K12254
Pm92_006056	K06995
Pm92_006057	K02913
Pm92_006058	K02902
Pm92_006059	K02035
Pm92_006059	K12368
Pm92_006061	K13038
Pm92_006062	K01520
Pm92_006064	K15778
Pm92_006065	K00930
Pm92_006065	K22478
Pm92_006067	K01142
Pm92_006068	K09940
Pm92_006069	K00989
Pm92_006071	K00942
Pm92_006072	K03060
Pm92_006073	K00951
Pm92_006073	K01139
Pm92_006074	K09022
Pm92_006078	K03559
Pm92_006079	K03832
Pm92_006081	K03655
Pm92_006086	K02004
Pm92_006087	K02003
Pm92_006088	K11912
Pm92_006089	K11915
Pm92_006090	K11890
Pm92_006091	K11891
Pm92_006092	K11892
Pm92_006093	K11893
Pm92_006094	K11906
Pm92_006095	K07169
Pm92_006095	K11894
Pm92_006095	K11913
Pm92_006096	K11902
Pm92_006097	K11901
Pm92_006098	K11900
Pm92_006099	K06887
Pm92_006099	K11903
Pm92_006100	K11897
Pm92_006101	K11896
Pm92_006102	K11895
Pm92_006103	K11907
Pm92_006104	K11904
Pm92_006110	K05787
Pm92_006112	K03618
Pm92_006113	K03181
Pm92_006117	K07636
Pm92_006121	K02039
Pm92_006122	K02036
Pm92_006123	K02038
Pm92_006124	K02037
Pm92_006125	K02040
Pm92_006129	K10806
Pm92_006130	K01792
Pm92_006131	K09950
Pm92_006133	K01589
Pm92_006134	K01588
Pm92_006137	K01744
Pm92_006138	K03310
Pm92_006139	K01424
Pm92_006142	K11073
Pm92_006145	K07734
Pm92_006149	K01960
Pm92_006150	K01959
Pm92_006151	K21711
Pm92_006153	K19337
Pm92_006155	K03657
Pm92_006158	K03455
Pm92_006161	K00868
Pm92_006171	K02075
Pm92_006171	K11708
Pm92_006172	K02077
Pm92_006177	K06131
Pm92_006184	K04087
Pm92_006186	K00995
Pm92_006188	K01090
Pm92_006191	K00981
Pm92_006192	K06894
Pm92_006193	K05367
Pm92_006197	K04042
Pm92_006198	K02114
Pm92_006199	K02112
Pm92_006200	K02115
Pm92_006201	K02111
Pm92_006202	K02113
Pm92_006203	K02109
Pm92_006204	K02110
Pm92_006205	K02108
Pm92_006206	K02116
Pm92_006207	K03497
Pm92_006208	K03496
Pm92_006209	K03501
Pm92_006210	K03495
Pm92_006214	K03650
Pm92_006215	K03217
Pm92_006217	K03536
Pm92_006218	K02914
